,Review,Predicted Label
300,"No use, live tv channels removed. Only Sony available but there's sonyliv so no use being a sonyliv subscriber. Uninstalling.",Channels-Quality
301,Zeesarthak,Application-Nice
302,Bes of application,Application-Nice
303,I think app is hungry already cut all serial channel from the app,Application-Nice
304,Good,Application-Nice
305,Upendra panda774,Application-Nice
306,Very good,Application-Nice
307,I want to give it no stars but the show I use to watch like Zee tv was not there from the latest version I use to watch it every day but now I am soooo angry üò°üò°üò°üò°üò° after this I will delete this app if the channel did not come back I not satisfied with thisüò°üò° any of the chanell like Zee cinema Zee anmol etc.. are there. At the picture in playstore there is Zee tv HD and others which is not in this app from the latest version the old version was more good there was more channels,Channels-Quality
308,UI is the most disappointing part. Especially on the set top box.,Channels-Quality
309,Such a sneaky way to add the paid version of premium without giving any option to cancel the service after trial.,Application-Worst
310,Fantastic app and it is free with airtel pack,Application-Nice
311,Bakwas app,Application-Worst
312,Bugs & Bugs nothing else everytime I play a video it says aw! Snap something went wrong And the screen keeps loading. Anything I play in the app it's keep loading on and on,Channels-Quality
313,Worst experience ever. All the time app is buffering.,Application-Worst
314,"Very good app for streaming various ott app like hoichoi, sony liv, eros now, lionsgate play and various app.",Application-Nice
315,Very super app,Application-Nice
316,Nice app,Application-Nice
317,Indias sabse bakwasssss service Airtel,Application-Nice
318,Vey good,Application-Nice
319,Cool,Application-Nice
320,Akshay,Application-Nice
321,"Gives a lot of problems with playing the episode you want to play, I would try to play a different episode but it would keep playing some other. Also the video quality keeps fluctuating into really bad one.",Customer care-Poor Responsiveness
322,Super,Application-Nice
323,Good,Application-Nice
324,Ok,Application-Nice
325,Contents arrive one or even two days late than on the original channel. My 149 rupees have gone to waste. Total waste of an app. Navigation is also sluggish. Not at all worth it.,Application-Worst
326,good,Application-Nice
327,Great,Application-Nice
328,Zee telugu channel is not coming in it very wrost,Channels-Quality
329,Good TV,Application-Nice
330,üôÑNot interest for use airtel Xstream app.why means.Removed the live tv channels n zee network is not available in xsteam app.But you give some updates in application and then after few days removed other network channels .Example who buy the dth connection allowed that customers only with existing pack channels.Ex: Tata sky give the best features in application live tv channels in based on existing pack channels to customer.Good bye airtel xstream app....ü§®,Channels-Quality
331,It is possible to cast the video to tv?,Channels-Quality
332,I'm not able to download any movie,Application-Worst
333,Poor quality development. Logs out automatically every now and then. Messes up the usability.,Channels-Quality
334,Nice app,Application-Nice
335,Very nice,Application-Nice
336,Please add download options,Customer care-Query Resolution
337,"Video quality remains same at low for any option, high, low or auto. Such low quality that it is not watchable on phone also.",Channels-Quality
338,Bad experience.... Every time buffer...,Application-Worst
339,Hamare yaha Tawer hi nahi milte hai to install keyo kare ?,Application-Worst
340,After last update app is working fine. But still loading slowly than other streaming apps.,Channels-Quality
341,No. Zee Kannsda,Channels-Quality
342,Excellent experience as of now. Hope it may be continued. Download and enjoy your favourite stream. Thanks Airtel. Keep it up üëçüëçüëç,Channels-Quality
343,Exerllan app,Application-Nice
344,Good,Application-Nice
345,This app Is Not Working . Mobile Automatically Stop And App Not Working,Application-Worst
346,Since 20th February I can't watch zee bangla hd.,Channels-Channel Navigation
347,Waoo,Application-Nice
348,Nahi chal raha hai live tv,Channels-Quality
349,Best one,Application-Nice
350,Airtel zindabad,Application-Nice
351,Ok,Application-Nice
352,Please,Application-Nice
353,Great app,Application-Nice
354,Wonderful,Application-Nice
355,Aminulhoque,Application-Nice
356,Good App,Application-Nice
357,Please add zee Marathi live Channel s and other entertainment channels,Channels-Channel Navigation
358,Please add zee tv,Application-Worst
359,Zee TV issue,Application-Worst
360,Very nice,Application-Nice
361,I'm not able to open app,Application-Worst
362,excellent.,Application-Nice
363,i want zee tamil serail,Application-Worst
364,Bad,Application-Worst
365,It's a good experience. But if there is a facility of downloading the video it would be great.,Channels-Quality
366,Not good it is not showing all the entartainment channels like Zee telugu,Channels-Quality
367,Amazing,Application-Nice
368,Bast app,Application-Nice
369,M. C. He yeh,Application-Nice
370,Nice,Application-Nice
371,Zee channels from Live TV has disappeared since yesterday. Please look into it.,Channels-Channel Navigation
372,Good,Application-Nice
373,first you removed colours channel and now you also removed zee tv channel from live tv also why why and why?,Channels-Channel Navigation
374,Good,Application-Nice
375,Goood,Application-Nice
376,Good,Application-Nice
377,Can't find the required content,Channels-Channel Navigation
378,Not working,Application-Worst
379,Best!!,Application-Nice
380,Sandar,Application-Nice
381,Goodüëç,Application-Nice
382,Super app,Application-Nice
383,Some more entertainment is required please,Application-Nice
384,Even I recharged a pack which has subscription for this ..still it's showing to pay money againa,Packages-Paying without service
385,Amazing,Application-Nice
386,Very nice app,Application-Nice
387,Good,Application-Nice
388,Excellent,Application-Nice
389,Barbar live channels chale jate hai abhi zee ke channel 2 din se nahi dikh rahe please continue the services Or hamesha ke liye band kijiye to other app dekhenge barbar services change hoti rahti hai pls don't do this,Channels-Quality
390,Good,Application-Nice
391,Bad app,Application-Worst
392,"AGAIN YOU HAVE REMOVED ZEE CHANNELS Why you have removed the live TV option, people like us who are mostly traveling used to watch TV while on the go. Kindly look into it and restore the same as most of the viewers are complaining for the same.",Channels-Quality
393,Goodb,Application-Nice
394,nice,Application-Nice
395,Nice,Application-Nice
396,Good,Application-Nice
397,We want pay all otts,Application-Worst
398,I like old version of this app I updated new and I lost mostly live channel that's why I giving 1 star only ......ok thanks then I will remove it uninstall it bcoz it's waste for me without that feature,Application-Worst
399,Zee bangla HD Chanel are not available,Channels-Quality
400,Quality not good but working better,Channels-Quality
401,Good,Application-Nice
402,Great app,Application-Nice
403,"Worse experience with your service. I already recharged my plan in advance, still this app not working on date 20 of every month. I have complaint too many times. But still the same. I wish playstore will add negative star rating in feed. This is not recharge related issue. This is your app subscription issue.....",Application-Worst
404,Zee TV channel please,Customer care-Query Resolution
405,Nice üëçüëç,Application-Nice
406,Superb service,Application-Nice
407,Everything is good,Application-Nice
408,Waste of time,Application-Worst
409,Excellent,Application-Nice
410,Good for anyone,Application-Nice
411,It's awesome application,Application-Nice
412,Nice,Application-Nice
413,Good access,Application-Nice
414,Good,Application-Nice
415,The app keeps on restarting in middle.,Channels-Quality
416,Very good,Application-Nice
417,14 3 1991 13 4 1995,Application-Nice
418,Good app,Application-Nice
419,Worst app not skip properly,Application-Worst
420,I love this app because I enjoy it a lot,Application-Nice
421,Good,Application-Nice
422,Why You Remove & TV Channel,Customer care-Query Resolution
423,Superb,Application-Nice
424,Facing problems with TV shows.,Application-Nice
425,Xtreme ly bekar....,Application-Nice
426,Niceüëçüëçüëç,Application-Nice
427,Wherygood,Application-Nice
428,Zee sarthak nehi ara hai,Channels-Quality
429,‡¶ñ‡ßÅ‡¶¨ ‡¶ñ‡ßÅ‡¶¨ ‡¶≠‡¶æ‡¶≤‡ßã...,Application-Nice
430,Good bad,Application-Nice
431,Very bad,Application-Nice
432,plz recusted you kundali bhagya serioul give me,Application-Nice
433,Truly enjoyed,Application-Nice
434,Nice,Application-Nice
435,The best sarvis,Application-Nice
436,Keeps on crashing lots of bugs pathetic experience,Channels-Quality
437,Hi Wtc,Application-Nice
438,Where is the live tv channels? Worst app I hade this app i don't like it Airtel xstream app is very very bad do not install this app please,Application-Worst
439,Nee tamil live tv,Application-Worst
440,Best,Application-Nice
441,Bad app,Application-Worst
442,Suparrrrrr,Application-Nice
443,Surper nice please add sons of anarchy to it.,Application-Nice
444,Kumkum kumari,Application-Nice
445,Very nice to Airtel xstream,Application-Nice
446,Excellent,Application-Nice
447,Osem experience,Application-Nice
448,Very good app,Application-Nice
449,Nice app,Application-Nice
450,I is good app,Application-Nice
451,Nice collection of movies and series. I like the picture quality. Most impressed things is all the available content is in best possible quality.,Channels-Quality
452,Zee TV is not working üò°üò°üò°,Channels-Quality
453,Zeetamil,Application-Nice
454,The video screen does not cast on smart tv,Channels-Quality
455,üòÅ,Application-Nice
456,Good,Application-Nice
457,But live channel not open,Application-Worst
458,Cartoon ceneel nahi hai,Application-Nice
459,nice app for shows,Application-Nice
460,Super,Application-Nice
461,!hattamam,Application-Nice
462,Not good,Application-Nice
463,Wow,Application-Nice
464,Kick,Application-Nice
465,Worst app...i want old Airtel TV this app is worst app,Application-Worst
466,I am not able to see live channels of zee bangla on the app. Please help.,Channels-Quality
467,No download option available...also poor interface,Channels-Quality
468,Nice,Application-Nice
469,Good service üëç,Application-Nice
470,Z bangla alny prblm,Application-Nice
471,Z ee bangla not can but any prolm,Channels-Quality
472,mast app chho ho,Application-Nice
473,Airtel XtreamüíØüëåüëåüëåüíï,Application-Nice
474,Exlent,Application-Nice
475,Hh,Application-Nice
476,Very good experience to watch content in this app,Application-Nice
477,Non stop watching in good video quality,Channels-Quality
478,Erfft,Application-Nice
479,Only download free üòÇ download mat kor na,Customer care-Query Resolution
480,Worst experience,Application-Worst
481,Fraud! All Airtel does is scams! Worst company ever!,Channels-Quality
482,Very bad,Application-Nice
483,Nice,Application-Nice
484,Good,Application-Nice
485,Nice,Application-Nice
486,Good,Application-Nice
487,Not work properly,Application-Worst
488,Very nice,Application-Nice
489,Smooth and lag free streaming.,Application-Nice
490,Why we download this for live channel but after some time channel of live section gone what wrong was that therefore i give one star,Application-Worst
491,Ji Fariya kevadiya,Application-Nice
492,Very good experience and I enjoy a lot,Application-Nice
493,Mind blowing,Application-Nice
494,Fusssaaaaddddd.,Application-Nice
495,Awesome,Application-Nice
496,Good App,Application-Nice
497,Good,Application-Nice
498,Kannada channels not showüò©,Channels-Quality
499,"What kind of service are you guys providing with no option to download??? So, pathetic in that sense.",Channels-Quality
500,Good but in smart TV I have to find live tv. Please make smart TV app like phone where we can find live tv in one separate place. Thanks,Application-Worst
501,Awesome,Application-Nice
502,Nice app to watch free webseries and movies.,Application-Nice
503,Quality good üëç,Application-Nice
504,Mujhe jayada channel chahiye 1000+channels subscribe free recharge channel,Channels-Channel Navigation
505,Excellent,Application-Nice
506,Good app but mobile Date is very fast user,Application-Nice
507,Good üëç,Application-Nice
508,Good,Application-Nice
509,Good,Application-Nice
510,Very bed network very slow speed in 2 GB net pack,Application-Nice
511,üòü,Application-Nice
512,Amazing !,Application-Nice
513,XZ,Application-Nice
514,Nice app,Application-Nice
515,This app is amazing for people,Application-Nice
516,"Extremely poor experience, in original ott there are new contents but with xtream new shows not available. Not searching option also. Why so?",Channels-Quality
517,Nothing to say about this app üò≥,Application-Worst
518,Cool experience..,Application-Nice
519,Exllent,Application-Nice
520,Ok,Application-Nice
521,Rjtsek,Application-Nice
522,Good,Application-Nice
523,Amazing movie collection for free üòç,Application-Nice
524,Nice,Application-Nice
525,Very good,Application-Nice
526,Airtel TV not free. Jio is best,Customer care-Query Resolution
527,Superb,Application-Nice
528,Really Great Content!,Application-Nice
529,Vishu thing good ok k,Application-Nice
530,Excellent app with informative and entertaining,Application-Nice
531,Really wonderful. Got all the shows i wanted watch.,Application-Nice
532,Good,Application-Nice
533,Superb. Just download and enjoy.,Application-Nice
534,Free Airtel SIM Airtel TV dekhne Ko Nahin Milta Hai,Customer care-Query Resolution
535,Superb,Application-Nice
536,isse aachha jio TV Movies free me de raha hai,Customer care-Query Resolution
537,Good app,Application-Nice
538,Disgusting app,Application-Nice
539,Good,Application-Nice
540,Very bad too much time taking for opening üò°üò°üò°üò°,Application-Worst
541,I am a Airtel SIM user this app does not for Airtel custemers. We have to pay ‚Çπ140 to watch any channel or movies. Do they think thay are like Netflix or Disney Hotstar. Instead of this app jio tv is much better then Airtel xstream it as free channel and live shows for free of cost.,Packages-Paying without service
542,Good,Application-Nice
543,gd,Application-Nice
544,Please add more live TV channels and improved video quality in app because it stream in standard quality always even if I selected high quality where airtel network is also good other streaming App work fine in HD only xtreme App lag and please add more live TV channels,Channels-Quality
545,Good,Application-Nice
546,Nice,Application-Nice
547,Super,Application-Nice
548,"Terminated the plan 2 months back, still receiving the bill. And that's not the first time Airtel has been generating revenue my cheap means, stop such dirt!",Application-Disconnection
549,Nice,Application-Nice
550,Good,Application-Nice
551,The app is super for me,Application-Nice
552,Good experience,Application-Nice
553,Very poor,Application-Nice
554,Very nice üëå,Application-Nice
555,Good,Application-Nice
556,Not good ü§£ü§£ü§£,Application-Nice
557,Excilent,Application-Nice
558,Good,Application-Nice
559,Good app,Application-Nice
560,"Thank you so much sir, I will not need to buy a set box. I will bring your application TV as well.Question: Full channels are not coming in this and if you want us to open the application, then we are ready to pay for it.",Channels-Quality
561,üëåüëåüëå,Application-Nice
562,Good,Application-Nice
563,"It says Device is incompatible, I am shocked as I am using Realme 8 5G latest Android version",Customer care-Query Resolution
564,"THE WORSSST APP EVER SERIOUSLY I'm having airtel xstream premium still not able to download any movie/series , even the video quality is veryyyyy bad shame on you team airtel , I'm upgrading to jio fiber after such poor service from airtel . No download in any quality available even old movies are not downloadable , the quality suckkks WORST USER EXPERIENCE I WABTED TO RATE IT 0 STARS I hate using airtel nowwww experience sucks even casting feature doesn't work this is worthless",Channels-Quality
565,Video quality is very poor. Medium and high quality button do not work.,Channels-Quality
566,If Sony liv application broadcasting PSL then why Sony liv channel in Airtel Xstream app not premiering PSL after subscription after couple of matches?,Channels-Quality
567,Very good,Application-Nice
568,I love it.... Amazing,Application-Nice
569,Hot app,Application-Nice
570,Good,Application-Nice
571,Great experience,Application-Nice
572,Cool,Application-Nice
573,Nice,Application-Nice
574,Full of junk in the app like adds and stuff come on atleast for customer put important information so that they can atlest find there bill and services no proper customer service to,Channels-Quality
575,Good,Application-Nice
576,No subtitles for english shows/south shows,Application-Worst
577,‡∞Æ‡±Ç‡∞µ‡±Ä‡∞∏‡±ç ‡∞ö‡∞æ‡∞≤‡∞æ ‡∞¨‡∞æ‡∞ó‡±Å‡∞Ç‡∞¶‡∞ø,Application-Nice
578,"Quality of video is not up to the mark even we choosed high, it's just feels watching movie in 360p or 240p.",Channels-Quality
579,"Except for Amazon Prime and Netflix, it is better than other apps.",Application-Nice
580,Ok,Application-Nice
581,Best app,Application-Nice
582,Why Zee cafe not available,Channels-Quality
583,Good,Application-Nice
584,As of now it's good,Application-Nice
585,Good aap,Application-Nice
586,Netflix add,Application-Nice
587,Good,Application-Nice
588,So So... not includes prime & netflix and the major thing is every content is not eligible for download. Yes the content is good for eg dekh bhai dekh like shows which recall your childhood days bt it can be more better.,Application-Nice
589,‡§ï‡•Å‡§õ ‡§∏‡•Ä‡§ñ‡•ã ‡§ú‡§ø‡§Ø‡•ã telecom ‡§∏‡•á ‡§µ‡•ã ‡§≠‡•Ä ‡§ú‡§ø‡§Ø‡•ã tv free ‡§¶‡•á ‡§∞‡§π‡•á ‡§π‡•à‡§Ç ‡§î‡§∞ ‡§§‡•Å‡§Æ‡•ç‡§π‡•á‡§Ç ‡§á‡§∏ ‡§ò‡§ü‡§ø‡§Ø‡§æ quality ‡§ï‡•á app ‡§ï‡•á ‡§≤‡§ø‡§è ‡§≠‡•Ä ‡§∞‡•Å‡§™‡§Ø‡•á ‡§ö‡§æ‡§π‡§ø‡§è,Application-Nice
590,No live chenal,Application-Worst
591,Good for viewing in short interval,Application-Nice
592,Osm,Application-Nice
593,Loving it üëçüèº,Application-Nice
594,It gets crashed when phone call comes...also many a times episodes doesn't load...we have to close the app 3-4 times then it works properly else only trailer plays irrespective of the episodes selected,Channels-Quality
595,Super,Application-Nice
596,Hahut hi achha hai app,Application-Nice
597,Better than jio,Application-Worst
598,Nice,Application-Nice
599,üëç,Application-Nice
600,Please non Airtel user add and you see your growth increase please my advice and non Airtel user provide user id your customer and apko apni soach thoda jio se alag karni hogi ü§î,Customer care-Query Resolution
601,While watching videos in between calls come after disconcerting the call screen Paused unable to reconnect video vary bad app,Channels-Quality
602,This is best app in ott platform with lot of content absolutely free on Airtel recharge.,Application-Nice
603,Super amazing fantastic hd quality and my favourite telegu channel are here,Application-Nice
604,Excellent,Application-Nice
605,Nice,Application-Nice
606,Excellent.....Hoichoi Bangla ‚ù§Ô∏è,Application-Nice
607,Nice,Application-Nice
608,"The channels Integration sucks. WWE shows from SonyLiv channel doesn't have any identification. How are we supposed to find which show aired on which date and even if we are able to find the latest episode we have to wait till the next day it was aired only then it's playable, on the day it's aired if we try to open it says technical issue.",Channels-Quality
609,I don't know hou it is.,Channels-Quality
610,‡§®‡•á‡§ü‡§´‡•ç‡§≤‡§ø‡§ï‡•ç‡§∏ ‡§ú‡§ø‡§§‡§®‡§æ ‡§Ö‡§ö‡•ç‡§õ‡§æ ‡§®‡§π‡•Ä‡§Ç ‡§π‡•à ‡§ï‡•ç‡§Ø‡•ã‡§Ç‡§ï‡§ø ‡§á‡§Ç‡§ó‡•ç‡§≤‡§ø‡§∂ ‡§Æ‡•Ç‡§µ‡•Ä ‡§π‡§ø‡§Ç‡§¶‡•Ä ‡§Æ‡•á‡§Ç ‡§°‡§¨ ‡§ï‡§∞‡§ï‡•á ‡§¶‡§ø‡§ñ‡§æ‡§§‡•á ‡§π‡•à‡§Ç,Application-Nice
611,Excellent üòä,Application-Nice
612,Video quality is poor. Download options should be available for each and every videos. Only a very few videos can be downloaded in your apps.,Channels-Quality
613,Good,Application-Nice
614,Supar,Application-Nice
615,Nice,Application-Nice
616,Easy to operate,Application-Nice
617,ü§¨ü§¨,Application-Nice
618,Good,Application-Nice
619,You get latest movies here which you can't find on other OTT platform,Channels-Quality
620,Good,Application-Nice
621,üëç,Application-Nice
622,Great App,Application-Nice
623,Super,Application-Nice
624,Nice,Application-Nice
625,Worst experience dont buy airte connection,Customer care-Poor Responsiveness
626,Nice web shows Super,Application-Nice
627,This app doesn't work in xstream box. I could not watch Maharani and Jahanabad on TV as it doesn't show in hindi language despite title is showing hindi language.,Channels-Quality
628,Very bad,Application-Nice
629,Netflix need,Application-Nice
630,very very bad app.,Application-Nice
631,It hangs a lot while using,Application-Nice
632,Best for cricket match,Application-Nice
633,Nice,Application-Nice
634,Good,Application-Nice
635,Super h,Application-Nice
636,Good,Application-Nice
637,Good,Application-Nice
638,Good,Application-Nice
639,Op yr,Application-Nice
640,Good,Application-Nice
641,Excellent,Application-Nice
642,Nice movie nice episode very excellent app,Application-Nice
643,Nice,Application-Nice
644,Great üëç,Application-Nice
645,Good app,Application-Nice
646,"Worst app I ever seen. No download option, No continues HD watching.",Application-Worst
647,Cool,Application-Nice
648,Nice app,Application-Nice
649,Very good,Application-Nice
650,Good app,Application-Nice
651,Nice,Application-Nice
652,Best app,Application-Nice
653,Nice,Application-Nice
654,Nice,Application-Nice
655,Good,Application-Nice
656,Excellent,Application-Nice
657,Average.,Application-Nice
658,Good platform ott,Application-Nice
659,ExcellentüíØüëçüëè,Application-Nice
660,Excellent,Application-Nice
661,"Very worst services airtel fiber internet & their customers care, engineer. Very chip committed to people's.",Application-Worst
662,Does not open this app,Application-Worst
663,Great,Application-Nice
664,Good,Application-Nice
665,Nyc app's jp dixit,Application-Nice
666,Bad Userface,Application-Worst
667,Good aap,Application-Nice
668,Bad app worst experience ever..too much adds ...doesn't work properly while live streaming..,Application-Worst
669,Super,Application-Nice
670,When this app be available on Samsung TV,Application-Worst
671,Loading issue during the half at every watch,Customer care-Poor Responsiveness
672,Mast hai bhai üëåüëå,Application-Nice
673,The most worse app in the world üòè,Channels-Quality
674,"Good feel. UI could be a bit friendlier. It would be great if there was an option to ""log out of all devices"" option",Channels-Quality
675,Good,Application-Nice
676,Nice app,Application-Nice
677,Good,Application-Nice
678,Picture Quality doesn't apply. Lags also.,Channels-Quality
679,Very bad,Application-Nice
680,It is very nice üíúüíú,Application-Nice
681,Useful APP. Great content,Application-Nice
682,Excellent,Application-Nice
683,Good,Application-Nice
684,I like this app,Application-Nice
685,Very bad experience.first time I can see all channnels but now I can only few channels..,Channels-Quality
686,"Number of bad apps within 10 minutes, 1 minute ad again and again.",Channels-Quality
687,"This app today I installed and its not opening,its KEEP STOPINGGGG",Channels-Quality
688,Why can't we have speed option like 1x 1.5x 2x 2.25x 2.5x 3x for Shark tank or any show. We all need that.,Channels-Quality
689,No option of subtitles in sony and others,Channels-Quality
690,Shark tank episode are not getting updated on the app after 25,Channels-Quality
691,Yet not the episodes after 25 are not updated on the app. Why I am not getting new episodes of Shark Tank on Sony LIV channel in your app? Kindly check and resolve,Channels-Quality
692,Third class service. Last night I bought the Disney+ pack of 199 still not activated even after money deducted. Wrote on Twitter and on mail . Still not working. Hopeless Pathetic company Airtel I will personally slap the man who owns it one thousand time.,Channels-Quality
693,"Video quality always low .... whether you set it medium,high or auto...plz fix this",Channels-Quality
694,I am very happy with Airtel Thanks app. Thanks to the team....,Application-Nice
695,Very good app for movies and tv shows,Application-Nice
696,Nice,Application-Nice
697,Dekho bhai sab channel free karo please ü•∫,Customer care-Query Resolution
698,Very super,Application-Nice
699,"This is the best movie app I ever seen ,ü§©I am soo happy to this",Application-Nice
700,Super,Application-Nice
701,Hi iam in abroad not work this application what can I do,Application-Worst
702,I always travel abroad for my job. Even when i am in abroad i recharge my airtel number to keep it alive and am being a customer for a long time. But this app doesn't work on abroad.,Packages-Paying without service
703,Super se upor,Application-Nice
704,Excellent,Application-Nice
705,Awesome,Application-Nice
706,Neither I can download nor I can cast even though it is in plan. And worst thing. It doesn't work on 4g network (12mbps) while other OTT works,Channels-Quality
707,Why will it not take my quality preference???,Channels-Quality
708,Jio TV is best app for all live channel free,Application-Nice
709,Good,Application-Nice
710,Jio provide free tv but you just want a recharge. When we recharge in Airtel we are unable to access tv channels via xstream. While as in jio itz free even after and before recharge. If u run out of data and recharge jio tv run smoothly. Kindly update ur system otherwise we have to switch to jio.,Packages-Paying without service
711,Good hmm,Application-Nice
712,Need more Hollywood movies. App is good.,Application-Nice
713,Good app,Application-Nice
714,Good,Application-Nice
715,Very nice,Application-Nice
716,"Takes more than 2 days to upload tv shows from the air time Very disgusting app. Update - WWE shows get uploaded the next day whereas 3 - 4 months earlier, it used to get uploaded within 3 hours of air time which is causing unimaginable embarrassment and anger to me. With these things, a 1 star is also too much as I dont have an option of 0 star",Application-Worst
717,Why we have to contact airtel digital tv if airtel xtream OTT activation is pending..,Packages-Paying without service
718,Awesome,Application-Nice
719,Good,Application-Nice
720,Bad app,Application-Worst
721,"Disappointed even after so many months, I don't see they improved other than bug fixes, live-tv option is not there in website, Now the cost of the plan in Rs-719. The feedback mail is not considered they will send a AI bot to tackle us. My point is provide quality of service to the customers or reduce the price",Channels-Quality
722,Very poor streaming quality compared to original oTT platforms,Application-Nice
723,How can i log out from all devices???,Application-Nice
724,Net neutrality matters,Application-Nice
725,üëç,Application-Nice
726,very nice,Application-Nice
727,BEST APP,Application-Nice
728,Ok,Application-Nice
729,Awesome üëç,Application-Nice
730,Very good experience...,Application-Nice
731,üëçüòä,Application-Nice
732,Superb,Application-Nice
733,Very Good,Application-Nice
734,Good,Application-Nice
735,Fantastic. User Friendly. Great Entertainment! Keep It Up Team Airtel!,Application-Nice
736,DHAN GIRI,Application-Nice
737,Very good entertainment,Application-Nice
738,Good variety of movies and series to binge.,Application-Nice
739,It is a useless app I disapointed by this app,Application-Nice
740,Good üëç,Application-Nice
741,Open,Application-Nice
742,App improvements needed.,Application-Nice
743,"If network is not good how can someone use this app to watch movies and shows . Very poor network, i have 90 GB 3g 4g data but unable to use it as data speed is not good.Airlet talks much about 4G but the truth is that they are even unable to maintain 3G network.since last 1 year many complains has been raised regarding network and data speed issue but no action taken.going for MNP very soon",Channels-Quality
744,This one full entrainment good airtel namaste üôè üëå,Application-Nice
745,Use before,Application-Nice
746,Ye app chl kyo nhi rha or isme shows download bhi nhi ho rhe please isko thik kre,Customer care-Query Resolution
747,Need more film,Packages-Paying without service
748,Fantastic,Application-Nice
749,App often shows issues with opening. Problem not solved after cleaning caches or reinstalling.,Application-Worst
750,Tdh,Application-Nice
751,Super,Application-Nice
752,Worst app,Application-Worst
753,Happy,Application-Nice
754,Awesome viewing experience,Application-Nice
755,Nice app Vary happy me,Application-Nice
756,Quality low with in high speed üòÇ internet,Channels-Quality
757,Excellent,Application-Nice
758,Very bad,Application-Nice
759,Very good üëç,Application-Nice
760,Nyc app,Application-Nice
761,Good,Application-Nice
762,"POOR OFFERINGS ZEE5, VOOT, HUNGAMAPLAY, NOT AVAILABLE AT ALL.",Channels-Quality
763,Great app,Application-Nice
764,Goooooood,Application-Nice
765,Ssuoer,Application-Nice
766,Good,Application-Nice
767,Maghia bala app te 5minet video dekhi thiba ki ni add asuchi 20thara,Application-Nice
768,Best,Application-Nice
769,Good quality streaming,Application-Nice
770,Good,Application-Nice
771,Nice,Application-Nice
772,Its really xstream',Application-Nice
773,Good experience,Application-Nice
774,Worst...as you recharge they promise a lot with freebie Chanels but its just a fake as u will not get anything...just making fools....,Application-Worst
775,I was taking 1 mnth premium but in this app download is not enabled for me ... I am very upset üò≠üò≠üò≠,Application-Worst
776,Jgg,Application-Nice
777,Super,Application-Nice
778,Pathetic app,Application-Nice
779,Very good App,Application-Nice
780,Nice,Application-Nice
781,Good,Application-Nice
782,"I took airtel broadband connection 5 days back from day 1, i am facing internet issues. I called customer support and raised the issue but no one contacted me till now. I called customer care several times but no use whenever i called they are telling will resolve in 24 hrs. I raised issue 48 hrs back. Pathetic service.",Customer care-Poor Responsiveness
783,Good,Application-Nice
784,Really awesome app,Application-Nice
785,Watse there is no live TV channels,Channels-Quality
786,Nice,Application-Nice
787,Best,Application-Nice
788,Glitchy app,Application-Nice
789,Thanks to airtel,Application-Nice
790,Wrost app,Application-Nice
791,Nice,Application-Nice
792,I am living at kanpur city but still net speed is 20 to 50 kbps....Is this is called airtel 4g???,Customer care-Poor Responsiveness
793,Very good üëç,Application-Nice
794,Nice on plz move to more new movies,Application-Nice
795,Mili recharge chesi chudala all ready net balance bokka mali recharge evaduraa petindi,Application-Nice
796,Good service,Application-Nice
797,best app,Application-Nice
798,Osm,Application-Nice
799,Great product,Application-Nice
800,Nice,Application-Nice
801,Amazing experience so far.,Application-Nice
802,The experience was good.,Application-Nice
803,Awesome,Application-Nice
804,Wonderful app..I just love it,Application-Nice
805,Nice,Application-Nice
806,"Thanks ‚ù§‚ù§, itni badiya",Application-Nice
807,So nic all shown on mobile phone & T v,Channels-Quality
808,Op,Application-Nice
809,Good,Application-Nice
810,"Worst experience,watching the first episode of faadu love story ,screen goes blurr in every minute",Application-Worst
811,Exceptional app,Application-Nice
812,Very nice,Application-Nice
813,Good,Application-Nice
814,Very good app üëç.Recently internet speed become 12mbps. Please look into the matter.,Application-Nice
815,Excellent,Application-Nice
816,Ok,Application-Nice
817,Airtel xtream android tv not showing zee channel And so much buggy laggy this application in my android mi tv.,Application-Worst
818,"Amazing gift, thanks",Application-Nice
819,It's very good experience,Application-Nice
820,Good,Application-Nice
821,"Charging to it's own customer, ridiculous",Application-Nice
822,Worsted app,Application-Nice
823,Good,Application-Nice
824,Fake app why should I pay extra pay watching Live Tata sky app is very good and best free channels all,Application-Nice
825,Good,Application-Nice
826,Good,Application-Nice
827,Good,Application-Nice
828,"Good, try to made it more easy",Application-Nice
829,Great,Application-Nice
830,nice,Application-Nice
831,By,Application-Nice
832,Nice xperience,Application-Nice
833,Subscribe channel ‡¶ó‡ßÅ‡¶≤‡ßã‡¶∞ picture quality ‡¶ú‡¶ò‡¶®‡ßç‡¶Ø‡•§,Channels-Quality
834,Good,Application-Nice
835,Nice,Application-Nice
836,Good appüòä,Application-Nice
837,Ok,Application-Nice
838,Good app of movie üçøü§©ü§©ü§©,Application-Nice
839,Good,Application-Nice
840,Airtel xstream app playback screen problem not solve watching episode & movie back button remove not showing app navigation bar after Update version 1.63.1 please fix this Issue Thank you team Airtel,Customer care-Query Resolution
841,Very nice,Application-Nice
842,I have a look at the moment. I have,Customer care-Poor Responsiveness
843,Nyc ott,Application-Nice
844,Useful,Application-Nice
845,Super quality pictures and super fast network I love Airtel,Application-Nice
846,I love this app very Airtel did very good job. but I have a problem I choosen Sony LIV app . I was watching shark tank i want to download the episode but there is no download option plz fix it . Download option not showing. Otherwise this app is 5 star üåü,Application-Worst
847,Nice,Application-Nice
848,‡§ú‡§ø‡§Ç‡§¶‡§ó‡•Ä ‡§ú‡•Ä‡§®‡•á ‡§ï‡§æ ‡§è‡§ï ‡§¨‡•á‡§π‡§§‡§∞ ‡§Ö‡§Ç‡§¶‡§æ‡§ú,Application-Nice
849,After seeing the reviews i am not downloading..,Application-Disconnection
850,Call connectivity extremely poor,Application-Nice
851,Awesooooomeeeeeeee!!!!!!!!,Application-Nice
852,Best üëå,Application-Nice
853,Best OTT app üëç,Application-Nice
854,Amazing,Application-Nice
855,Very 3rd class service,Application-Nice
856,Super,Application-Nice
857,Good,Application-Nice
858,Best'hai,Application-Nice
859,Nice ..,Application-Nice
860,Download option is not showing,Application-Worst
861,The app is not opening,Channels-Quality
862,Rest is ok. But please include the download option. There is no option to download content. Although there is a download section But not a download option is available,Channels-Quality
863,Super,Application-Nice
864,i love this app,Application-Nice
865,Good,Application-Nice
866,Needs some improvement,Application-Nice
867,Nice apps,Application-Nice
868,Worst app don't download it. Even if you get free too. Time waste.... It doesn't change video quality while we put in high quality also and playing video is full of lags.. even after update the app too..,Channels-Quality
869,Error in playing sonyliv video maharani please rectify your apps,Channels-Quality
870,Very nice app üëç,Application-Nice
871,I love you,Application-Nice
872,Awesome üëå,Application-Nice
873,Nice,Application-Nice
874,Excellent,Application-Nice
875,Now Good,Application-Nice
876,Entertaining and informational,Application-Nice
877,Good,Application-Nice
878,Being an airtel user why do we need to upgrade to airtel xstream premium?? Already recharged 299 per month mobile data planüò°üò°üò°üò°... Other operators give free contents to their usersü§¨,Packages-Paying without service
879,Excellent app.,Application-Nice
880,Superb,Application-Nice
881,Very nice and beautiful app,Application-Nice
882,Superb app,Application-Nice
883,Wow exilante,Application-Nice
884,Bad experience,Application-Worst
885,Poor services,Application-Nice
886,‡§¨‡•Å‡§∞‡§æ ‡§π‡§æ‡§≤,Application-Nice
887,"While watching contents if you picked up a call then you can not use the entire screen, this app video will stock in your screen. And you have to reboot your phone. This happened with me like 3-4 times. Video quality is like 480p after selecting high video resolution. So dear team please try to fix it soon.",Channels-Quality
888,Very good,Application-Nice
889,Its a waste app. They provide this to you as a premium thing in Airtel Black but you hardly get any latest good movies on it. All are either on Prime video or Netflix. Hence no point of this app.,Application-Worst
890,Good,Application-Nice
891,Nice,Application-Nice
892,Super xstream and all old movie's available tq,Application-Nice
893,Good,Application-Nice
894,Good,Application-Nice
895,Very nice,Application-Nice
896,Very good osm,Application-Nice
897,Auto adjustment of clarity is not working properly while watching videos.,Channels-Quality
898,Videos are not playing smoothly. Very bad experience to watch Video in this app also few seconds of lag occuring while watching web series and movies.,Channels-Quality
899,Wao‚ù§,Application-Nice
900,Exilent,Application-Nice
901,Super,Application-Nice
902,Good app,Application-Nice
903,Excellent,Application-Nice
904,Verynice and good experience,Application-Nice
905,Ok,Application-Nice
906,Super,Application-Nice
907,Nice,Application-Nice
908,Faltu application,Application-Nice
909,Good one application,Application-Nice
910,Too good,Application-Nice
911,Thank for showing me TMkoc every episode,Application-Worst
912,Good,Application-Nice
913,Osm app,Application-Nice
914,Kklgf Hhh Tyukktryjkkg Hhhhh it's bad,Application-Worst
915,Exlent,Application-Nice
916,Everything is fine for viewers,Application-Nice
917,Don't subscribe there quality is like 3gp,Channels-Quality
918,Good,Application-Nice
919,Good,Application-Nice
920,Why show ad in premium subscription. I hate Airtel sim card & other applications very bad customer service very bad üòû .,Application-Nice
921,Quite useful,Application-Nice
922,It's nice to have all those OTT channels in one place,Application-Nice
923,Good,Application-Nice
924,Thank you,Application-Nice
925,Super,Application-Nice
926,nice and good app,Application-Nice
927,No clear offers,Application-Nice
928,Faltu app hai... Koi main stram channels nhi aate ....bikhari hai saale ....itni badi telecom company hai ....par saalo ki mass ache channels kharid ne ka paisa nhi hai ....Bhen ke lode saale !,Channels-Quality
929,Wonderful baby,Application-Nice
930,Good app.,Application-Nice
931,Bestüëç,Application-Nice
932,Op,Application-Nice
933,Not the best movies but still a good database and wide varities of channels to choose from.... 3rd star for adding Chaupal channel.... Some awesome Punjabi movies,Application-Nice
934,Good,Application-Nice
935,Love itt,Application-Nice
936,Very nice to Odia series..,Application-Nice
937,üëçüëçüëç,Application-Nice
938,One of the best apps in 2023,Channels-Quality
939,Good job üëå,Application-Nice
940,Good app,Application-Nice
941,Excellent üëå‚ò∫Ô∏è,Application-Nice
942,So nice,Application-Nice
943,Very nice üëç,Application-Nice
944,ü§êüò≠üò∞üò®,Application-Nice
945,"what's the point of giving video quality button if it's don't work even after selecting high quality it won't change the quality it automatically work on low, High quality option don't work",Channels-Quality
946,Some films are available only in hindi .. even not in its original language. If that is rectified then its amazing,Channels-Quality
947,Lots of Ads every time,Application-Disconnection
948,Why on earth you people changed the live tv interface???? Now can't see the list nor the desired hd channels,Channels-Quality
949,why new ep of sharktank not showing there? Edit: now solved..,Channels-Quality
950,Nice,Application-Nice
951,Great app,Application-Nice
952,something went wrong.getting from last two days.get hire good IT Team to resolve.,Application-Nice
953,Very nice app,Application-Nice
954,Beid,Application-Nice
955,Need fast updates of films,Channels-Quality
956,"When I got call from anyone,screen gone black,ui not showing,very sad devops team.",Application-Worst
957,Great app for all entertainment,Application-Nice
958,Excellent,Application-Nice
959,Nice,Application-Nice
960,üòçüòç,Application-Nice
961,Good,Application-Nice
962,Best aap,Application-Nice
963,Not interested,Application-Worst
964,Fast aps,Application-Nice
965,Excellent,Application-Nice
966,Awesome,Application-Nice
967,A person can't watch in lower data impossible in this application. Why the hell you guys force someone to watch on 480s . 2gb data barely sustains for 3 hours.,Customer care-Poor Responsiveness
968,Super,Application-Nice
969,Worst of the worst. Jio is a lot better.,Customer care-Poor Responsiveness
970,Good app,Application-Nice
971,It's too imagine app.,Application-Nice
972,"Hate the app, just got frustrated, It's been 3 days since I'm unable to play the any video it is buffering only no error, I write the email also, and FYI my internet is good. I'm using tha plan which comes with Airtel recharge.",Channels-Quality
973,Bad service,Application-Nice
974,Good,Application-Nice
975,Very nice,Application-Nice
976,Good,Application-Nice
977,Names,Application-Nice
978,Good,Application-Nice
979,Lovely platform airtel xstream,Application-Nice
980,Great,Application-Nice
981,Good,Application-Nice
982,App is fully entertainment,Application-Nice
983,Not even willing to give 1 star. Blank screen comes more than movie. And no one will be half wise. I watch movie from wifi,Application-Worst
984,Good,Application-Nice
985,Good,Application-Nice
986,Nice,Application-Nice
987,This is worst i subscribed for a single channel but after two days that channel is not only there they have removed it,Customer care-Poor Responsiveness
988,Excellent very good app,Application-Nice
989,excellent,Application-Nice
990,Good,Application-Nice
991,Best experience with xstream app.,Application-Nice
992,Good very goodüëç,Application-Nice
993,Fentastic üëç,Application-Nice
994,Nice app,Application-Nice
995,Awesome,Application-Nice
996,Nice,Application-Nice
997,Nice,Application-Nice
998,Previous tv serials not showing,Application-Worst
999,Good,Application-Nice
1000,Poor interface,Application-Nice
1001,Op,Application-Nice
1002,This is a very good app ia mvery impress,Application-Nice
1003,Good app,Application-Nice
1004,This app is very useful to me And when we bore we use this app entertainment our family,Application-Nice
1005,Battery draining alot,Application-Nice
1006,Amazing,Application-Nice
1007,Its great,Application-Nice
1008,Nice app,Application-Nice
1009,Nice but all live chennel not shown free only Airtel user must have all xream chennel free,Packages-Paying without service
1010,Having fun‚ù£Ô∏èüòéü§ò,Application-Nice
1011,Nice,Application-Nice
1012,Goid,Application-Nice
1013,Good,Application-Nice
1014,"1.English subtitles or Hindi audio is unavailable in some Tamil , Telegu or Malayalam movies showing in Sony LIV channel under airtel Xtreme.",Application-Worst
1015,Best,Application-Nice
1016,I'm So Happy,Application-Nice
1017,Excellent,Application-Nice
1018,"Worst customer experience. I have been trying to get my connection shifted to my new place, they are not taking any action since one week. Whenever I am calling to customer service they are cancelling previous request and raising a new one. Highly recommend not to use Airtel fiber. Instead go for local fiber network. I would have given negative star, if there was an option for that.",Application-Worst
1019,Mast app hai,Application-Nice
1020,Nice app,Application-Nice
1021,Good,Application-Nice
1022,Ok,Application-Nice
1023,üëåüëå,Application-Nice
1024,Best,Application-Nice
1025,No experience,Application-Nice
1026,Very good,Application-Nice
1027,Good app,Application-Nice
1028,Bangladesh,Application-Nice
1029,Excellent app by airtel,Application-Nice
1030,"Learn something from Jio Tv , it's better in every way for viewing content or using the app as whole",Application-Worst
1031,Super app,Application-Nice
1032,Best app,Application-Nice
1033,Good,Application-Nice
1034,Good,Application-Nice
1035,Super,Application-Nice
1036,Experience is wonderful watching channel in good video quality,Application-Nice
1037,Awesome,Application-Nice
1038,nice,Application-Nice
1039,Gud,Application-Nice
1040,Good app üëå,Application-Nice
1041,Nice....,Application-Nice
1042,Very good app,Application-Nice
1043,Excellent,Application-Nice
1044,Awesome experience on Sonylive as far as entertainment is concerned. You are simply unmatched....,Application-Nice
1045,Nice,Application-Nice
1046,I am full enjoy the movie's,Application-Nice
1047,Very good connectivity. Nice speed for download.,Application-Nice
1048,Nice,Application-Nice
1049,Amazing,Application-Nice
1050,Many Channels are not Available.,Channels-Quality
1051,Very nice,Application-Nice
1052,Good,Application-Nice
1053,Awesome,Application-Nice
1054,Great,Application-Nice
1055,The worst service and not fulfilled commitment,Application-Worst
1056,Loving it,Application-Nice
1057,Good,Application-Nice
1058,Ok,Application-Nice
1059,.pjlllk op oüêîüå¥üå™Ô∏èüèµÔ∏èüçÉüçÉüçÉüèµÔ∏èüçÉüçÉü™®,Application-Nice
1060,Good,Application-Nice
1061,Lots of fun and entertainment,Application-Nice
1062,Okkkkkkkkkk,Application-Nice
1063,Awesome,Application-Nice
1064,Best aap providing best experience with Sony LIV,Application-Nice
1065,Jahanabad from sony liv Keep Rolling but not working,Application-Worst
1066,Very nice,Application-Nice
1067,Very bad app because for any vide it's take charge high costly YouTube better than this app,Application-Worst
1068,Super,Application-Nice
1069,üëå,Application-Nice
1070,üëçüí´,Application-Nice
1071,Worst. I was expecting better from Airtel the video quality remains same at low even if you have selected high quality.,Channels-Quality
1072,Worst app,Application-Worst
1073,Good,Application-Nice
1074,I cannot claim my rewards for taking up Fibernet 200 Mbps for which some 15 OTT access was promised. Nor is there any procedure for how to activate it.,Application-Worst
1075,Good,Application-Nice
1076,Tha aap is right but some new movies are not avilebal,Channels-Quality
1077,Good,Application-Nice
1078,Colors channel not available. And in India colors is compulsory..,Channels-Quality
1079,Worst,Application-Worst
1080,Good experience with Airtel x stream,Application-Nice
1081,Good,Application-Nice
1082,Ok,Application-Nice
1083,Big,Application-Nice
1084,Great üëç,Application-Nice
1085,Good,Application-Nice
1086,Okkey but a LOT of improvement needed..... 1. Highest video quality should be 4k. It is not even seem to be 1080p. 2. Main problem is there is no download option in Mobile App version. 3. Regional channels do √±ot have subtitles.,Channels-Quality
1087,Good,Application-Nice
1088,Good apss,Application-Nice
1089,"This is very poor connection, Wi-Fi not working lust one month, after giving complain continuashly, but not solve.",Application-Worst
1090,Great apps,Application-Nice
1091,Nice,Application-Nice
1092,"It is the most useless app, not even a single channel runs properly and premium has to be taken, even after that they are asking to download bsdk sony live, what is the use of such an app which is not useful, delete it all.",Channels-Quality
1093,Good,Application-Nice
1094,Nice,Application-Nice
1095,Pathetic experience,Application-Nice
1096,Shankitha email@com,Application-Nice
1097,1.Recording is chargeable monthly. 2.They close all ott services if subscription expires............ Other things are Okay,Customer care-Poor Responsiveness
1098,Excellent,Application-Nice
1099,Love it,Application-Nice
1100,üëåüëåüëåüëå,Application-Nice
1101,Awesome app,Application-Nice
1102,Best,Application-Nice
1103,Good,Application-Nice
1104,Worst app,Application-Worst
1105,To good,Application-Nice
1106,‚ù§Ô∏è‚ù§Ô∏è,Application-Nice
1107,Very Good,Application-Nice
1108,Exhilarating...,Application-Nice
1109,Best ott app ever,Application-Nice
1110,Streaming quality is not good While Singh movie I am finding green screen,Channels-Quality
1111,"Episode not loaded in real time , have premium subscription but unable to watch sharktank 2 . Please check airtel team",Packages-Paying without service
1112,Good app,Application-Nice
1113,Very nice,Application-Nice
1114,Marvelous,Application-Nice
1115,Good,Application-Nice
1116,Good experience üôå,Application-Nice
1117,Worstttt app just making idiot to user not expected Airtel worsttt only show's add in live,Application-Worst
1118,Supar.aap,Application-Nice
1119,Nice app,Application-Nice
1120,Doesn't have a option to manage logged in devices,Channels-Quality
1121,üëåüëåüëåüëåüëåüëå,Application-Nice
1122,Kapil sharma show latest episodes not available. This is considered as misguiding cheating. Don't auto charge me next year.,Customer care-Query Resolution
1123,Greatüëçüíêüíê,Application-Nice
1124,Good,Application-Nice
1125,New episodes Of Kapil Sharma show and Maharashtra chi hasya jatra is not getting to watch same day.please fix this,Customer care-Query Resolution
1126,I cannot watch movies in HD and it's not working suddenly,Channels-Quality
1127,Nice,Application-Nice
1128,Great app,Application-Nice
1129,Not bad,Application-Worst
1130,‡§è‡§Ø‡§∞‡§ü‡•á‡§≤ 4G ‡§∏‡§∞‡•ç‡§µ‡§ø‡§∏ ‡§¨‡§π‡•Å‡§§ ‡§ò‡§ü‡§ø‡§Ø‡§æ ‡§π‡•à‡•§,Application-Nice
1131,Uselesss not sound okk and picture quality not okkk,Channels-Quality
1132,Good,Application-Nice
1133,Very nice application...I like it....easy to use...,Application-Nice
1134,Nice entertainment app,Application-Nice
1135,Good experience,Application-Nice
1136,Good,Application-Nice
1137,Good app,Application-Nice
1138,nice,Application-Nice
1139,None of the video is Playing properly. It interrupted alot. Quality of video not good.,Channels-Quality
1140,Wonder ful,Application-Nice
1141,Superb experience,Application-Nice
1142,Very nice app,Application-Nice
1143,Nice to app,Application-Nice
1144,Awesome üëå,Application-Nice
1145,Bug plz sl,Application-Nice
1146,Good,Application-Nice
1147,"Facing issue with logging in. ""Authentication failed, Please try again!!"" Is the message I get everytime.",Channels-Quality
1148,üòãüòãüòãüòãüòãüòãüòãüòãüòãüòãüòãüòãüòãüòãüòãüòãüòãüòãüòãüòãüòãüòãüòãüòãüòãüòãüòãüòã,Application-Nice
1149,The app is not getting opened in my phone.,Application-Worst
1150,Good,Application-Nice
1151,Best app enjoyed it,Application-Nice
1152,"Good app. 2 stars less because plan does not contain appropriate chanels. It does not give mostly needed chanels like hotstar, Amazon prime, Netflix...etc. fir gold plan.",Channels-Quality
1153,Not working tv,Application-Worst
1154,Pathetic trashcan. Alway ask purchase subscription of different ott. If I have to purchase the subscription then what is the use of this app.,Customer care-Poor Responsiveness
1155,"I want one year subscription of Amazon prime, Sony LIV , Disney plus hotstar in one plan . Please think about it.",Application-Worst
1156,Great app to watch live tv okk üëç,Application-Nice
1157,Thank you,Application-Nice
1158,üëå,Application-Nice
1159,üòò,Application-Nice
1160,Excellent,Application-Nice
1161,Very good application for the costumers,Application-Nice
1162,Good,Application-Nice
1163,Bead,Application-Nice
1164,Super üíï,Application-Nice
1165,All shows from Sony LIV are not in the app,Channels-Quality
1166,Good,Application-Nice
1167,Useless as other airtel stuff. Update2: you will never find the latest Sony LIV content on the xstream app. Everything shows up the next day.,Customer care-Poor Responsiveness
1168,Good,Application-Nice
1169,Best for the airtel xstream app,Application-Nice
1170,Best,Application-Nice
1171,Valo law,Application-Nice
1172,good,Application-Nice
1173,Good,Application-Nice
1174,"Sir, please add travel xp hd in dth plateform I'm waitting for long time hope you add this channel very soon thank you...",Application-Worst
1175,"Previously, not long ago all the popular channels were free, but alas now NOT.",Channels-Quality
1176,Two year's,Application-Nice
1177,Good service from Airtel Xtreme,Application-Nice
1178,I feel Sometimes video quality is not good .,Channels-Quality
1179,Superb app not in between nice thank to u Airtel love u,Application-Nice
1180,üëç,Application-Nice
1181,Very good app,Application-Nice
1182,Good,Application-Nice
1183,üëç good,Application-Nice
1184,We dont have option download movies. After paying 149/- monthly subscrition charges. Dont have option to download movies in lionsgate.,Channels-Quality
1185,The application load issues doesnt load even on wifi 5g. Poor experience,Channels-Quality
1186,High speed internet I have also app will take more time to open,Application-Worst
1187,Jin ke setup box mai jo channel activate hai vahi channel isi app me vahi channel chalne chahiye,Channels-Channel Navigation
1188,Super,Application-Nice
1189,The back button annoys me,Application-Nice
1190,"It's very nice,entertaining app",Application-Nice
1191,Good,Application-Nice
1192,"Last time this app is not working, so many times I tried to open it. But now its okey.",Application-Worst
1193,Good,Application-Nice
1194,Download option missing,Customer care-Query Resolution
1195,Good,Application-Nice
1196,Awesome experience,Application-Nice
1197,Super,Application-Nice
1198,Nice aap,Application-Nice
1199,Best,Application-Nice
1200,Gud,Application-Nice
1201,excellent.....one of the plateform u enjoy too much....,Application-Nice
1202,Good,Application-Nice
1203,recharge says premium subscription after recharge still shows no active plans even after claiming it ...worst,Application-Disconnection
1204,"Overall nice experience, keep going up..!!",Application-Nice
1205,Good,Application-Nice
1206,Please improve loading video,Customer care-Query Resolution
1207,Good,Application-Nice
1208,Whenever I try to reduce video quality it always play with same high quality and consume a lot of internet data.,Channels-Quality
1209,How can i download movie?,Application-Nice
1210,Video player should be more good and have some more good features like other OTT have,Application-Nice
1211,I like this app,Application-Nice
1212,unable to watch after having recharge on Airtel,Application-Disconnection
1213,Good app,Application-Nice
1214,Good,Application-Nice
1215,Even after giving money not receiving the latest episode of all shows of the particular subscription,Channels-Quality
1216,Bekar,Application-Nice
1217,Good app for entertainment,Application-Nice
1218,Live tv with cast to tv not working,Application-Worst
1219,Good,Application-Nice
1220,Super,Application-Nice
1221,Good,Application-Nice
1222,Good,Application-Nice
1223,Give more free Dish channels,Packages-Paying without service
1224,All movie prime Aisi app ka ham kya karenge,Application-Nice
1225,Very good,Application-Nice
1226,There are no avtar way of water,Channels-Quality
1227,Jay mahakal,Application-Nice
1228,Please open your channel,Application-Worst
1229,Nice,Application-Nice
1230,Worst customer service Cheated a lot of money,Application-Worst
1231,Live tv option in smart tv not available,Application-Worst
1232,Excellent,Application-Nice
1233,Good apps,Application-Nice
1234,"Heyyyyyyyyyy airtel xstream I wanted to tell you that. There are not all tv shows like colours, star plus , Sony Live and Hungama, Disney channel, pogo cartoon network and so on. Which I want to see earlier there was some shows which I like but now there is no show which I like . My request is to add these channel which I suggested in above and I am not happy to give you any star but then also I am giving you two star because earlier you made me happy now also made me happy by adding tv shows.",Channels-Quality
1235,It's a good app.,Application-Nice
1236,"Why shark tank India episodes after episode 20 are not updating,Is there any issue with the server?Please fix it. Thanks for fixing the above. I am an Airtel xtreme fiber user ,since apps premium comes under my package but why you are still asking to subscribe @149/month. Please fix up these bugs as they are impacting users like me hightime.",Customer care-Poor Responsiveness
1237,Nice app,Application-Nice
1238,Nice,Application-Nice
1239,"Fake subscription offers providing with reacharge and there is nothing in subscription while opening app showing please get subscription ,,why are you guys makeing your costumer fool and confusing then by giving such a fake reacharge offers ,, there is nothing free no any channel free with reacharge, so many customers will stop using Airtel services bcz of this fake offers",Channels-Quality
1240,Nice...,Application-Nice
1241,Very good üôÇ,Application-Nice
1242,Good,Application-Nice
1243,SONY LIVE LATEST EPISODE NOT SHOW IN XTREAM APP VERY DISSAPOINTED LIKE ALIBABA DAASTAN E KABUL TODAY RELEASED ALREADY IN SONY LIV SEPRATE APP BUT IN XTREAM APP NOT SHOW LATEST EPISODE very dissapointed bad app,Application-Worst
1244,"This application is truly awesome for watching series, shows & Movies",Application-Nice
1245,Good,Application-Nice
1246,This is worst app App open timing is very high,Application-Worst
1247,Fraud app. All purchases. I bought 1 month 499 plan just to get sony liv access in airtel xtream. But when I try to access it says buy premium at 150. Total fraud by airtel. I have also mailed the issue to airtel support but no response. Please don't buy any plan that says you will get Airtel Xtreme,Application-Worst
1248,Nice,Application-Nice
1249,Ukhy,Application-Nice
1250,Good,Application-Nice
1251,It runs in the background,Channels-Quality
1252,The picture is of poor quality,Channels-Quality
1253,While trying to play a movie error showing multiple times,Application-Worst
1254,Best app in the world üåé love you Airtel,Application-Nice
1255,Best app but please give me replyüòΩüíûüòòü•∞,Application-Nice
1256,Excellent,Application-Nice
1257,Lot's of ads I'm porting sim to jio now,Application-Disconnection
1258,Very good app for entertainment.,Application-Nice
1259,nice üòçüòç,Application-Nice
1260,So good,Application-Nice
1261,Excellent,Application-Nice
1262,Best üëç video quality,Channels-Quality
1263,Best,Application-Nice
1264,üëç,Application-Nice
1265,"No option/ won't install, show's your (redmi) device is incompatible. Seriously! It's new lows, as it is the app is monetising content so primitive it should be technically free by now but instead such scheming practices.",Channels-Quality
1266,Thanks for customer support Airtel Xtreme.,Application-Nice
1267,Awesome üëçüèª,Application-Nice
1268,Iam really happy.. I was facing an issue in this application since monday and i mailed through help and feedback section.. They asked for screenshots and cleared that issue nicely.. Thankyou so much,Application-Worst
1269,"Doesn't operate well, no response to click ...",Application-Nice
1270,Some.time it's stop working automatically,Application-Worst
1271,Awesome user friendly App,Application-Nice
1272,Nice to entertainment,Application-Nice
1273,Excellent ‚ù§Ô∏è,Application-Nice
1274,After 30th January....Sony LIV content is not updated in this app... Edited on 2nd Feb....Issue Resolved on 2 Feb ... Thanks,Channels-Quality
1275,Nice üëç,Application-Nice
1276,Best app,Application-Nice
1277,Nice airtel xstream app,Application-Nice
1278,Excellebt,Application-Nice
1279,‡≤∏‡≥Ç‡≤™‡≤∞‡≥ç ‡≤π‡≥ç‡≤Ø‡≤æ‡≤™‡≥ç,Application-Nice
1280,Very good application for live TV of AirTel,Application-Nice
1281,Hope it works some day. When you can't update the content why you offer the service. Hopeless service,Customer care-Poor Responsiveness
1282,Good,Application-Nice
1283,One of the best quality ‚ú®,Channels-Quality
1284,Does not update episods!,Channels-Quality
1285,Nice,Application-Nice
1286,Not getting latest 2 shark tank episodes but we get all episodes free on Sony live except the latest episode.,Channels-Quality
1287,"Sometimes, it shows errors while streaming movies",Channels-Quality
1288,Sony liv episode not updated and no customer care help very bad experience,Application-Worst
1289,Shark tank season 2 episodes are not updated on Sony Liv in Airtel Xstream but on Sony Liv standalone they are already updated......,Channels-Quality
1290,There are so many issues while watching shows on it . First new episode are uploaded but I am not able to watch them Second quality of content..,Channels-Quality
1291,Sonyliv episodes are not updating since 3 days,Channels-Quality
1292,Shows not update,Application-Worst
1293,Very bad,Application-Nice
1294,First give the list of free streaming apps and what apps we can install. Whats d ram capacity u r providing in that box and for break through streeming.,Channels-Quality
1295,Why shark tank india season 2 is not publishing latest videos... Very much disappointment,Customer care-Query Resolution
1296,Shark tank india episodes not refreshing up on the app. Have sent a mail through help and feedback section.,Channels-Quality
1297,It was good in start but now.. it is not updating new episodes... Of OTT,Channels-Quality
1298,Doesn't update new episodes.,Channels-Quality
1299,üôèüåπüôè,Application-Nice
1300,Why is shark Tank season episodes not in sync with Sony? Episodes are getting delayed.,Channels-Quality
1301,Good app,Application-Nice
1302,Boht vdia application,Application-Nice
1303,New episodes are not updated on the app.,Channels-Quality
1304,Superb,Application-Nice
1305,Good,Application-Nice
1306,Awesome üëç,Application-Nice
1307,Nice,Application-Nice
1308,Tv shows not updated ...specially in Sony Liv,Channels-Quality
1309,Unable to see the Shark tank new episode please fix it.,Application-Worst
1310,Episodes are not updated.. I have subscription for sonyliv till March 15 but not finding recent episides,Channels-Quality
1311,Great web series collections...,Application-Nice
1312,This week Shark Tank S2 episodes is not live yet. Right from Episode 21 and above. Same thing happens for other Sony Shows. This leads to over all bad experience,Application-Worst
1313,Shark tank indias latest episodes are not showing on this app,Channels-Quality
1314,I have subscribed but some movies/shows are not available in the package but separate subscription shows that movie like agnithee 2 on shemaroo.me,Channels-Quality
1315,Good App.,Application-Nice
1316,Plan purchase page not working. And today my plan is over. Airtel is going poor day by day. Be it Broadband or app.,Application-Worst
1317,Super,Application-Nice
1318,I got the subscription of Sony LIV from recharge and activated it in Airtel xtream app but now no new episode is showing up in it....also my pack is still running please resolve my problem.,Channels-Quality
1319,üíóüíóüíóüíóüíó,Application-Nice
1320,This app was great but not showing the latest episodes of sony sab shows,Application-Worst
1321,No updates on shows it simply worst,Application-Worst
1322,Star plus ku nahi hai airtel par,Application-Nice
1323,Sales exexutive munipulated by givim hoststar offer,Application-Nice
1324,"Using this app is like using an illegal website or App which doesn't show contents properly. Following are the problems I faced while using this app. 1. Low quality of the contents even on 5G where speed is atleast 10mbps. 2. No timely updation of daily TV SHOWS e.g., SHARK TANK INDIA 2 episodes are not updated after episode No 20. 3. No download option in all the contents. 4. Many more if use it further.",Channels-Quality
1325,Amszing app,Application-Nice
1326,Very nice app üëç,Application-Nice
1327,Worth the money.,Application-Nice
1328,Very nice and helpful to have my phone with,Application-Nice
1329,Episodes of Shark tank India will come only after 24 hours after releasing in sonyliv. After 24 hours anyone can watch on sonyliv for free.. what is the point of paying xstream?,Channels-Quality
1330,Best,Application-Nice
1331,Not worth it,Application-Worst
1332,Excellent,Application-Nice
1333,Good üòä,Application-Nice
1334,best,Application-Nice
1335,Why there is no t showing new episodes after 20 on Shark tank india and master chef india üò§,Channels-Channel Navigation
1336,It's too discounting,Application-Nice
1337,Nice,Application-Nice
1338,Video quality settings can be optimized and please upload new episodes of Shark Tank India season 2,Channels-Quality
1339,Good,Application-Nice
1340,Very good.,Application-Nice
1341,Good,Application-Nice
1342,Video buffers too much even with exellent internet connectivity... Plus No New episode gets added after telecasted on tv...,Channels-Quality
1343,Good,Application-Nice
1344,"Good app features, but lack features while playing video like volume up or down without using volume button.",Application-Nice
1345,Good,Application-Nice
1346,Good,Application-Nice
1347,Not working properly half of the episodes are not there only,Channels-Quality
1348,Very nice,Application-Nice
1349,"Worst app. latest episodes are not uploaded timely in xstream app. Many times contacted through email. They don't have any solution. I paid for one year, Suggestion to others buy only original ott subscription instead airtel Xstream app.",Customer care-Poor Responsiveness
1350,Why the shows aren't updating on the app?? Saturday's shows are last updated,Channels-Quality
1351,I have the Airtel Xtreme fiber (999/month pack) but they are still asking to buy it.,Customer care-Poor Responsiveness
1352,Good,Application-Nice
1353,Best app,Application-Nice
1354,Many shows episode is not available like Shark tank india,Channels-Quality
1355,"Some of the episodes is not available, on the other hand its a good aap",Channels-Quality
1356,Best experience and also dada consume also best thanku so much Airtel xstream app,Application-Nice
1357,sonyliv episodes again stops coming. Since 2 days it's not being available in Xtreme app. Really not worth to have premium subscription.,Channels-Quality
1358,New episodes of shows especially from Sony liv are not available almost after 72hrs of telecasting.,Channels-Quality
1359,Good content,Application-Nice
1360,Awesome,Application-Nice
1361,Why new episodes of shark tank are not added after the 20th episode?,Channels-Quality
