Review,Label
useless extremely expensive poor content,Application-Worst 
does not play most of the contents. need to uninstall and reinstall to get it working.,Channels-Quality
Full of bugs,Application-Disconnection
episodes are not in sequence and are not updated regularly,Channels-Quality
bahut bekar experience Hai Har Waqt leg aur Bagh Hota rahata Hai content jaldi load Nahin Hota.,Application-Disconnection
waste of money,Application-Disconnection
app doesn't play movies on tv,Packages-Paying without service
fraud ap i pay 149rs but not subscribe no refund no help. govt should banned airtel from india we have to protest against airtel,Packages-Paying without service
Not working outside of India.,Application-Disconnection
worst experience ever,Application-Worst
Live tv channel so cheap,Application-Worst
Live tv not sufficient or ad dislike,Application-Worst
Amezing Application,Application-Nice
Super,Application-Nice
Awesome,Application-Nice
Nice,Application-Nice
Pls increase the number of otts...,Channels-Channel Navigation
Consumes too much data and video quality is awful. It consumed 1 GB data for 10 mins streaming.,Packages-Paying without service
Need to upgrade,Channels-Quality
Good,Application-Nice
Thik hai,Application-Nice
One of the worst apps never works. I am planning to get rid of airtel in my next recharge.,Application-Disconnection
Nice app,Application-Nice
Fantastic app,Application-Nice
Good,Application-Nice
Very good app,Application-Nice
Good app,Application-Nice
Please add zee5 and hotstar also App work smoothly on mobile and fire tv stick,Channels-Channel Navigation
Nice,Application-Nice
Video will not continued when it will stopped due to network issue.,Channels-Quality
Super .......,Application-Nice
Good,Application-Nice
Not working app no open app,Application-Worst
"Monthly recharge make low... Don't give like this worthless OTT. Give us Amazon prime Netflix and 15 days free, unused internet within night hours.",Application-Disconnection
Good,Application-Nice
Awesome,Application-Nice
Best,Application-Nice
Airtel ke age sab fail super se bhi upper,Application-Disconnection
Worst and worst app ever This one doesn't do anything on it Neither it plays live nor the videos that have been kept play. Note Don't waste your time in downloading this application.,Application-Disconnection
Good,Application-Nice
Ok,Application-Nice
Nothing is free here,Packages-Paying without service
"Enjoyed watching, excellent experience",Channels-Quality
Nice,Application-Nice
Lots of bugs,Application-Disconnection
Wifi connect nhi hota hai big problem Airtel fiber,Channels-Quality
V Good,Application-Nice
Amazing,Application-Nice
Very nice,Application-Nice
If there is no option in this app to watch the channel directly. I don't need this app and uninstall it.,Channels-Channel Navigation
Go od service,Application-Nice
Good aap,Application-Nice
Very good,Application-Nice
Good,Application-Nice
Airtel,Application-Nice
"Wow just wow......i uninstalled this app some days back as zee catch-ups were not available....thought of checking once today-thinking u might have improved....After installing the app today, i am seeing that zee channels are also gone !!!....If i check the app description today, ""watch zee live channels"" is still there... STOP fooling the customers....u deserve a negative rating now...",Application-Disconnection
Nice,Application-Nice
Nice,Application-Nice
Nice,Application-Nice
Excellent service!!,Application-Nice
Very very bad tv,Application-Worst
Video Not playing properly some basic stuff please fix the bugs,Customer care-Poor Responsiveness
PATHETIC VEDIO QUALITY WHILE STREAMING,Channels-Quality
Good,Application-Nice
Nice,Application-Nice
Excellent,Application-Nice
Good,Application-Nice
Cheater you guys are telling to buy your all in one subscription but you are not providing all the content which is there is the app. Sony LIV content is also half. Iske aacha toh jio hai jio pe switch Karo sab log,Customer care-Poor Responsiveness
Z tv missing,Channels-Quality
Very Good,Application-Nice
Why live tv is not coming we need zee kannada chanale,Channels-Channel Navigation
Good,Application-Nice
Awesome,Application-Nice
Brilliant,Application-Nice
Very nice,Application-Nice
Worst Application ever it's been stuck,Customer care-Poor Responsiveness
Very nice,Application-Nice
Nice and perfect tv channel I imperesd for airtel xstream,Application-Nice
Good,Application-Nice
Worst experience worst app everytime it's getting paused,Channels-Quality
Nice live tv app,Application-Nice
"Huge scam,giving free register for whole daily data ,m just watching 110minutes film which cost almost more than 1gb in medium quality,what a garbage service,I knew it so I try n I got it,never wanna give in free of cost always have to pay , N one more important think Airtel daily data limit charge more than daily mobile data limit bar,what a scam,",Packages-Paying without service
No live TV channels. Disaster!!,Channels-Quality
Best app,Application-Nice
Waste,Customer care-Poor Responsiveness
"NO #1 AMONG ""Worst App"". In the era of 9.1 Dolby Atmos Audio, this app has only MONO Audio! Video quality is also very POOR. AIRTEL, JUST GROW UP!",Customer care-Poor Responsiveness
Good,Application-Nice
"I am unable to play the videos in this app. After subscription, if this happens what should one do. If the person who owns this app is here, I would have slapped him in the face asked him to sit at home. Because clearly they have no idea why they have created it. Airtel Xstream sucks. Stop being in digital platform area. Clearly you have no sense of understanding the viewers mindset. It's better to sit home idle than false promises that you make through this platform.",Customer care-Poor Responsiveness
Super,Application-Nice
Good,Application-Nice
Very well..so good content,Application-Nice
I have found a bug. It is irritating. Video freezes again and again in this app. Please fix it.,Customer care-Query Resolution
This one is the worst app ever.,Customer care-Poor Responsiveness
Good,Application-Nice
Pathetic..not even able to see a single channel for free..then what is the purpose of using Airtel network...for this same amount of money jio is offering free live channels to watch and enjoy...so Airtel might reconsider to offer more live channels for their customers to watch their favourite channels just for free..,Packages-Paying without service
Good,Application-Nice
Good,Application-Nice
Jio sim jo tv free please airtel airtel tv ko free krdo,Customer care-Query Resolution
Very good app,Application-Nice
Superb,Application-Nice
On this platform you can not watch live streaming in best quality although internet connection is good,Channels-Quality
Good to use,Application-Nice
Super,Application-Nice
Good,Application-Nice
Where is zee in live they remove many other entertainment channel.worst app,Customer care-Poor Responsiveness
"One of the worst apps ever. Frozen screen frames after every 5 seconds. On using the return button, video is stopped and moves to menu page. Really irritating experience",Customer care-Poor Responsiveness
Great and thanks,Application-Nice
Nice,Application-Nice
Till going good,Application-Nice
Great,Application-Nice
So far good,Application-Nice
Good,Application-Nice
Bahut bura,Application-Worst
Bore...,Application-Worst
Hi Airtel please solve playback screen Problem navigation bar not show big problem this upade version 1.63.1 please solve problem earliest thank you team airtel,Customer care-Query Resolution
Airtel deserves negative rating FOR DELETING Zee LIVE TV.,Application-Worst
nothing is free fake application jio is better airtel xstream,Packages-Paying without service
Bakwas,Application-Worst
Waste,Application-Worst
Nice,Application-Nice
hindi apps are there only some of them has other languages,Channels-Channel Navigation
Good,Application-Nice
Nice awesome,Application-Nice
Excellent,Application-Nice
Good,Application-Nice
Hlo Airtel Xtreme team I have buyed 75 rs plan in Airtel Xtreme for zee channels but my money has debited and still i am not able to see Zee channels please kindly see into it So how I can cancel my subscription i have lost my 75rs,Packages-Paying without service
Good,Application-Nice
Third class,Application-Worst
Suppar,Application-Nice
Excellent,Application-Nice
Super cool and then I can you mining in the rest is what it tomorrow and then,Application-Nice
Excellent,Application-Nice
Good,Application-Nice
Good,Application-Nice
I like this app,Application-Nice
Worst experience,Application-Worst
Awesome app,Application-Nice
"Back option annoyed the full display experience,remove it for the better experience,otherwise app content is good",Customer care-Poor Responsiveness
Awesome,Application-Nice
Great experience,Application-Nice
Whenever i try to watch an episode of jehanabad the video gets paused automatically whereas audio is still running in th background. The sceen gets blurred. I have paid for this service. Please fix this issue immediately. Pathetic experience,Application-Worst
Worst application not working properly it needs very high internet speed and after that it buffers like the old time CD players video stuck at a point and audio goes forward. I'm irritated with this subscription just kept my money in fire,Application-Worst
it was good but after update this is worse. after paying for subscription still ads coming,Channels-Quality
Best,Application-Nice
Nice,Application-Nice
Please upload latest movies and shows,Customer care-Query Resolution
Waste of money,Application-Worst
Good,Application-Nice
Good,Application-Nice
Very nice,Application-Nice
Superb app. Should consider adding Other platforms like Prime or Netflix,Application-Nice
Very nice,Application-Nice
Video quality con't change when we play High quality it's not adjusting playing poor quality remaining all ok,Channels-Quality
Good channels,Channels-Quality
The video quality is still low even if High Quality is selected even on Airtel's own Fiber optic internet. Pathetic app,Channels-Quality
Brilliant,Application-Nice
Good,Application-Nice
"Make A fool, No hindi contents Dont buy mistakely Advertising Popular Show and movie After subscription no new contents",Application-Disconnection
Totally good,Application-Nice
Zee anmol not showing,Application-Worst
Nice application........,Application-Nice
There is option and not visible of Zee tv channels i request to plz slove this fast orelse it is a best app,Customer care-Query Resolution
"Awesome interface, quality integration and best service..",Application-Nice
Nice,Application-Nice
"Not able to download your application, can you do something about it",Customer care-Query Resolution
Worse app. I buy the subscription and it's not working nor allowing me to watch movies from contents. Asking to switch to airtel.,Application-Disconnection
Very good,Application-Nice
Why live channel is not working.... Fix it as soon as possible,Customer care-Query Resolution
All channels are not available like zee anmol and zee t.v,Channels-Quality
"Good for enjoy, Good for timepass, video quality is good",Application-Nice
Very good,Application-Nice
Great,Application-Nice
Please ad Sindhi tv channel,Customer care-Query Resolution
It's not working on my device.,Application-Worst
"Bad experience. After watching a movie or any thing in this app, i am recieving a bad internet service (unable to see video in YouTube, lagging etc.)soon after exiting from this app. It has became a constant trouble ,that i should restart my phone to overcome this issue. please fix it sooon.",Application-Worst
It's a great,Application-Nice
Nice service,Application-Nice
Good,Application-Nice
Some stupid software engineer made this TV channel. Better to close this app than that. This is the worst TV app ever.,Application-Worst
Very Good. Easily,Application-Nice
Worst app yeh app install karne se achha hai play Store hi open na karu,Application-Worst
"I was watching a movie under Sony LIV app and option for Subtitle is disabled , when I saw in original Sony LIV app then it's working perfectly fine, please add Subtitles option for all contents.",Application-Worst
There is no download option in any channel..,Channels-Quality
"Worst app no movies and channels available. It will navigate to another app/channel l, that channel/app has to be subscribe by paying money waste app.",Channels-Channel Navigation
Suuuperr,Application-Nice
Good,Application-Nice
Doesn't include tv channels,Customer care-Query Resolution
Good,Application-Nice
Special thanks a airtel Xstream app is not just app is very good is very nice i get airtel firber is next level experience to,Application-Nice
Good,Application-Nice
Hoichoi is very good show,Application-Nice
Great,Application-Nice
Great,Application-Nice
Good,Application-Nice
Easy to use.,Application-Nice
It is so underating app because the app now don't show the zee marathi and all zee channels on it..so i dont recommand all of u..and I request the airtel xstream plz take the zee marathi app again..and also the other channels like sony tv and all other channels are not opening,Channels-Quality
Stream quality sucks,Channels-Quality
its ok,Channels-Quality
Fantastic app,Application-Nice
Good,Application-Nice
Good,Application-Nice
The quality of videos is not changing rven after doing the settings Plas 360p quality even when set to high Terrible experience,Packages-Paying without service
WONDERFUL,Application-Nice
Worst app. While selecting lower video quality it automatically gets high video quality within few seconds..If I select 144 or 240 it automatically gets to 360 or above in few seconds. Again i need to select lower quality but again and again it gets above 360..Do something ASAP,Packages-Paying without service
Live tv feature not working..not showing.. inside app..be update and get 5 star rating..,Application-Worst
Worst app.,Application-Worst
Good,Application-Nice
Very good,Application-Nice
Not good,Application-Worst
This app is bluffing us They want us to install the app because of live TV but after somedays that option gets closed for everyone You are bluffing your customers airtel Not fair,Application-Worst
Awesome,Application-Nice
Amazing,Application-Nice
The movies are good,Application-Nice
Good,Application-Nice
Super,Application-Nice
"Please enable download fuction for videos, download for shark tank, the kapil sharma show, cubicles, gullak, jl50, tabbar nothing has download options, also i not got prime free for 84 days as i already recharged for 999",Customer care-Query Resolution
Good service,Application-Nice
Very good experience,Application-Nice
Good enough for entertainment...,Application-Nice
Super,Application-Nice
Supperb,Application-Nice
Nice,Application-Nice
good service,Application-Nice
"Bad experience with video quality. Even in High quality option, quality goes below avarage. Almost all the videos are of very poor quality. For example I have sony liv subscription. The quality that I see in the sony liv app, I don't get even a fraction of that quality in this app. I have never seen such a bad app before.",Channels-Quality
Good,Application-Nice
live tv option missing in andriod tv app of airtel xtream,Customer care-Query Resolution
Superb app,Application-Nice
Good,Application-Nice
poor video quality ,Channels-Quality
very good airtel.,Application-Nice
Nice,Application-Nice
The 84 days free subscription made my 84 days....,Application-Nice
"So much improvement needed please try to fix all problems, specially slow loading",Customer care-Query Resolution
Good,Application-Nice
Did you remove the Zee Bangla channel permanently?,Customer care-Query Resolution
Wow,Application-Nice
Very waste no useful,Application-Worst
Very good,Application-Nice
Not useful. Not at all helpful to access OTTs in Xstream.,Application-Worst
"Very poor application,non of the sports channel work, asking for primium,jio is batter than this jiotv gives all the channels free to watch",Application-Disconnection
Excellent,Application-Nice
Nice application,Application-Nice
Good,Application-Nice
Will prefer jio anytime than this piece of dump,Application-Worst
I'm very happy to see Kannada Live TV channels,Application-Nice
Very bad,Application-Worst
"Worst app ever , video keeps buffering and audio plays don't waste money",Application-Worst
App not works mostly,Application-Worst
Very bad experience I wanted new connection tried calling many time but they only end up with call arrange krwa rahe hai but aaj tak 15 din k upar hua aaj tak call nhi aya,Customer care-Poor Responsiveness
Nice,Application-Nice
After subscription forcing to watch ads only not allowing to watch content for what I have subscription too much disturbing,Customer care-Poor Responsiveness
Very bad..in live tv only Sony channels are show..,Channels-Quality
Excellent,Application-Nice
Smooth and handy,Application-Nice
Best app to watch ott platforms,Application-Nice
Totally waiste your time,Application-Worst
I can't open this app,Application-Worst
Excellent !,Application-Nice
Excellent,Application-Nice
All in one just awesome,Application-Nice
Very nice app,Application-Nice
Good app...,Application-Nice
Very good app,Application-Nice
Useful,Application-Nice
Very bad experience i want to give you zero star,Application-Worst
Good,Application-Nice
App chalu nahi ho raha hai,Channels-Quality
GOOD APP,Application-Nice
Nice App,Application-Nice
Good,Application-Nice
Love the experience,Application-Nice
Not allowing to deselect channel,Channels-Channel Navigation
Good for watching,Application-Nice
Enjoying the app...,Application-Nice
Very bad video quality.,Channels-Quality
Nice & good app,Application-Nice
"Not good for video quality, doesn't matter what quality you select and this is basic of any streaming apps available in market",Channels-Quality
Wow,Application-Nice
There is no all channels and TV guide,Channels-Channel Navigation
Wonderful,Application-Nice
Good,Application-Nice
Supr,Application-Nice
I just say one thing about this app it's really Worst..,Application-Worst
Zee Marathi content n channel removed from the app.,Channels-Channel Navigation
This so cool,Application-Nice
I am very happy with this app,Application-Nice
"I'm very disappointed that Airtel Xtreme has removed the Zee TV channel from its app. I used to watch my favorite shows on the app, but now I can't. It's really inconvenient, and I hope Airtel Xtreme will bring back the Zee TV channel soon in live TV.",Channels-Channel Navigation
App lags in every 10-15 minutes,Channels-Quality
Too much lag,Channels-Quality
For android TV app very bad compare to jio TV . Very few OTT subscriptions offered for Android TV app .,Application-Worst
Zee tv is not working,Channels-Quality
Very bad app. Having subscription but not providing live zee tv chennal,Packages-Paying without service
Very nice application,Application-Nice
Best aap,Application-Nice
Zee kannada chanel,Channels-Channel Navigation
Very good,Application-Nice
Good,Application-Nice
Good,Application-Nice
Your live tv is not working,Channels-Quality
Sooper,Application-Nice
"No use, live tv channels removed. Only Sony available but there's sonyliv so no use being a sonyliv subscriber. Uninstalling.",Channels-Quality
Zeesarthak,
Bes of application,
I think app is hungry already cut all serial channel from the app,
Good,
Upendra panda774,
Very good,
I want to give it no stars but the show I use to watch like Zee tv was not there from the latest version I use to watch it every day but now I am soooo angry üò°üò°üò°üò°üò° after this I will delete this app if the channel did not come back I not satisfied with thisüò°üò° any of the chanell like Zee cinema Zee anmol etc.. are there. At the picture in playstore there is Zee tv HD and others which is not in this app from the latest version the old version was more good there was more channels,
UI is the most disappointing part. Especially on the set top box.,
Such a sneaky way to add the paid version of premium without giving any option to cancel the service after trial.,
Fantastic app and it is free with airtel pack,
Bakwas app,
Bugs & Bugs nothing else everytime I play a video it says aw! Snap something went wrong And the screen keeps loading. Anything I play in the app it's keep loading on and on,
Worst experience ever. All the time app is buffering.,
"Very good app for streaming various ott app like hoichoi, sony liv, eros now, lionsgate play and various app.",
Very super app,
Nice app,
Indias sabse bakwasssss service Airtel,
Vey good,
Cool,
Akshay,
"Gives a lot of problems with playing the episode you want to play, I would try to play a different episode but it would keep playing some other. Also the video quality keeps fluctuating into really bad one.",
Super,
Good,
Ok,
Contents arrive one or even two days late than on the original channel. My 149 rupees have gone to waste. Total waste of an app. Navigation is also sluggish. Not at all worth it.,
good,
Great,
Zee telugu channel is not coming in it very wrost,
Good TV,
üôÑNot interest for use airtel Xstream app.why means.Removed the live tv channels n zee network is not available in xsteam app.But you give some updates in application and then after few days removed other network channels .Example who buy the dth connection allowed that customers only with existing pack channels.Ex: Tata sky give the best features in application live tv channels in based on existing pack channels to customer.Good bye airtel xstream app....ü§®,
It is possible to cast the video to tv?,
I'm not able to download any movie,
Poor quality development. Logs out automatically every now and then. Messes up the usability.,
Nice app,
Very nice,
Please add download options,
"Video quality remains same at low for any option, high, low or auto. Such low quality that it is not watchable on phone also.",
Bad experience.... Every time buffer...,
Hamare yaha Tawer hi nahi milte hai to install keyo kare ?,
After last update app is working fine. But still loading slowly than other streaming apps.,
No. Zee Kannsda,
Excellent experience as of now. Hope it may be continued. Download and enjoy your favourite stream. Thanks Airtel. Keep it up üëçüëçüëç,
Exerllan app,
Good,
This app Is Not Working . Mobile Automatically Stop And App Not Working,
Since 20th February I can't watch zee bangla hd.,
Waoo,
Nahi chal raha hai live tv,
Best one,
Airtel zindabad,
Ok,
Please,
Great app,
Wonderful,
Aminulhoque,
Good App,
Please add zee Marathi live Channel s and other entertainment channels,
Please add zee tv,
Zee TV issue,
Very nice,
I'm not able to open app,
excellent.,
i want zee tamil serail,
Bad,
It's a good experience. But if there is a facility of downloading the video it would be great.,
Not good it is not showing all the entartainment channels like Zee telugu,
Amazing,
Bast app,
M. C. He yeh,
Nice,
Zee channels from Live TV has disappeared since yesterday. Please look into it.,
Good,
first you removed colours channel and now you also removed zee tv channel from live tv also why why and why?,
Good,
Goood,
Good,
Can't find the required content,
Not working,
Best!!,
Sandar,
Goodüëç,
Super app,
Some more entertainment is required please,
Even I recharged a pack which has subscription for this ..still it's showing to pay money againa,
Amazing,
Very nice app,
Good,
Excellent,
Barbar live channels chale jate hai abhi zee ke channel 2 din se nahi dikh rahe please continue the services Or hamesha ke liye band kijiye to other app dekhenge barbar services change hoti rahti hai pls don't do this,
Good,
Bad app,
"AGAIN YOU HAVE REMOVED ZEE CHANNELS Why you have removed the live TV option, people like us who are mostly traveling used to watch TV while on the go. Kindly look into it and restore the same as most of the viewers are complaining for the same.",
Goodb,
nice,
Nice,
Good,
We want pay all otts,
I like old version of this app I updated new and I lost mostly live channel that's why I giving 1 star only ......ok thanks then I will remove it uninstall it bcoz it's waste for me without that feature,
Zee bangla HD Chanel are not available,
Quality not good but working better,
Good,
Great app,
"Worse experience with your service. I already recharged my plan in advance, still this app not working on date 20 of every month. I have complaint too many times. But still the same. I wish playstore will add negative star rating in feed. This is not recharge related issue. This is your app subscription issue.....",
Zee TV channel please,
Nice üëçüëç,
Superb service,
Everything is good,
Waste of time,
Excellent,
Good for anyone,
It's awesome application,
Nice,
Good access,
Good,
The app keeps on restarting in middle.,
Very good,
14 3 1991 13 4 1995,
Good app,
Worst app not skip properly,
I love this app because I enjoy it a lot,
Good,
Why You Remove & TV Channel,
Superb,
Facing problems with TV shows.,
Xtreme ly bekar....,
Niceüëçüëçüëç,
Wherygood,
Zee sarthak nehi ara hai,
‡¶ñ‡ßÅ‡¶¨ ‡¶ñ‡ßÅ‡¶¨ ‡¶≠‡¶æ‡¶≤‡ßã...,
Good bad,
Very bad,
plz recusted you kundali bhagya serioul give me,
Truly enjoyed,
Nice,
The best sarvis,
Keeps on crashing lots of bugs pathetic experience,
Hi Wtc,
Where is the live tv channels? Worst app I hade this app i don't like it Airtel xstream app is very very bad do not install this app please,
Nee tamil live tv,
Best,
Bad app,
Suparrrrrr,
Surper nice please add sons of anarchy to it.,
Kumkum kumari,
Very nice to Airtel xstream,
Excellent,
Osem experience,
Very good app,
Nice app,
I is good app,
Nice collection of movies and series. I like the picture quality. Most impressed things is all the available content is in best possible quality.,
Zee TV is not working üò°üò°üò°,
Zeetamil,
The video screen does not cast on smart tv,
üòÅ,
Good,
But live channel not open,
Cartoon ceneel nahi hai,
nice app for shows,
Super,
!hattamam,
Not good,
Wow,
Kick,
Worst app...i want old Airtel TV this app is worst app,
I am not able to see live channels of zee bangla on the app. Please help.,
No download option available...also poor interface,
Nice,
Good service üëç,
Z bangla alny prblm,
Z ee bangla not can but any prolm,
mast app chho ho,
Airtel XtreamüíØüëåüëåüëåüíï,
Exlent,
Hh,
Very good experience to watch content in this app,
Non stop watching in good video quality,
Erfft,
Only download free üòÇ download mat kor na,
Worst experience,
Fraud! All Airtel does is scams! Worst company ever!,
Very bad,
Nice,
Good,
Nice,
Good,
Not work properly,
Very nice,
Smooth and lag free streaming.,
Why we download this for live channel but after some time channel of live section gone what wrong was that therefore i give one star,
Ji Fariya kevadiya,
Very good experience and I enjoy a lot,
Mind blowing,
Fusssaaaaddddd.,
Awesome,
Good App,
Good,
Kannada channels not showüò©,
"What kind of service are you guys providing with no option to download??? So, pathetic in that sense.",
Good but in smart TV I have to find live tv. Please make smart TV app like phone where we can find live tv in one separate place. Thanks,
Awesome,
Nice app to watch free webseries and movies.,
Quality good üëç,
Mujhe jayada channel chahiye 1000+channels subscribe free recharge channel,
Excellent,
Good app but mobile Date is very fast user,
Good üëç,
Good,
Good,
Very bed network very slow speed in 2 GB net pack,
üòü,
Amazing !,
XZ,
Nice app,
This app is amazing for people,
"Extremely poor experience, in original ott there are new contents but with xtream new shows not available. Not searching option also. Why so?",
Nothing to say about this app üò≥,
Cool experience..,
Exllent,
Ok,
Rjtsek,
Good,
Amazing movie collection for free üòç,
Nice,
Very good,
Airtel TV not free. Jio is best,
Superb,
Really Great Content!,
Vishu thing good ok k,
Excellent app with informative and entertaining,
Really wonderful. Got all the shows i wanted watch.,
Good,
Superb. Just download and enjoy.,
Free Airtel SIM Airtel TV dekhne Ko Nahin Milta Hai,
Superb,
isse aachha jio TV Movies free me de raha hai,
Good app,
Disgusting app,
Good,
Very bad too much time taking for opening üò°üò°üò°üò°,
I am a Airtel SIM user this app does not for Airtel custemers. We have to pay ‚Çπ140 to watch any channel or movies. Do they think thay are like Netflix or Disney Hotstar. Instead of this app jio tv is much better then Airtel xstream it as free channel and live shows for free of cost.,
Good,
gd,
Please add more live TV channels and improved video quality in app because it stream in standard quality always even if I selected high quality where airtel network is also good other streaming App work fine in HD only xtreme App lag and please add more live TV channels,
Good,
Nice,
Super,
"Terminated the plan 2 months back, still receiving the bill. And that's not the first time Airtel has been generating revenue my cheap means, stop such dirt!",
Nice,
Good,
The app is super for me,
Good experience,
Very poor,
Very nice üëå,
Good,
Not good ü§£ü§£ü§£,
Excilent,
Good,
Good app,
"Thank you so much sir, I will not need to buy a set box. I will bring your application TV as well.Question: Full channels are not coming in this and if you want us to open the application, then we are ready to pay for it.",
üëåüëåüëå,
Good,
"It says Device is incompatible, I am shocked as I am using Realme 8 5G latest Android version",
"THE WORSSST APP EVER SERIOUSLY I'm having airtel xstream premium still not able to download any movie/series , even the video quality is veryyyyy bad shame on you team airtel , I'm upgrading to jio fiber after such poor service from airtel . No download in any quality available even old movies are not downloadable , the quality suckkks WORST USER EXPERIENCE I WABTED TO RATE IT 0 STARS I hate using airtel nowwww experience sucks even casting feature doesn't work this is worthless",
Video quality is very poor. Medium and high quality button do not work.,
If Sony liv application broadcasting PSL then why Sony liv channel in Airtel Xstream app not premiering PSL after subscription after couple of matches?,
Very good,
I love it.... Amazing,
Hot app,
Good,
Great experience,
Cool,
Nice,
Full of junk in the app like adds and stuff come on atleast for customer put important information so that they can atlest find there bill and services no proper customer service to,
Good,
No subtitles for english shows/south shows,
‡∞Æ‡±Ç‡∞µ‡±Ä‡∞∏‡±ç ‡∞ö‡∞æ‡∞≤‡∞æ ‡∞¨‡∞æ‡∞ó‡±Å‡∞Ç‡∞¶‡∞ø,
"Quality of video is not up to the mark even we choosed high, it's just feels watching movie in 360p or 240p.",
"Except for Amazon Prime and Netflix, it is better than other apps.",
Ok,
Best app,
Why Zee cafe not available,
Good,
As of now it's good,
Good aap,
Netflix add,
Good,
So So... not includes prime & netflix and the major thing is every content is not eligible for download. Yes the content is good for eg dekh bhai dekh like shows which recall your childhood days bt it can be more better.,
‡§ï‡•Å‡§õ ‡§∏‡•Ä‡§ñ‡•ã ‡§ú‡§ø‡§Ø‡•ã telecom ‡§∏‡•á ‡§µ‡•ã ‡§≠‡•Ä ‡§ú‡§ø‡§Ø‡•ã tv free ‡§¶‡•á ‡§∞‡§π‡•á ‡§π‡•à‡§Ç ‡§î‡§∞ ‡§§‡•Å‡§Æ‡•ç‡§π‡•á‡§Ç ‡§á‡§∏ ‡§ò‡§ü‡§ø‡§Ø‡§æ quality ‡§ï‡•á app ‡§ï‡•á ‡§≤‡§ø‡§è ‡§≠‡•Ä ‡§∞‡•Å‡§™‡§Ø‡•á ‡§ö‡§æ‡§π‡§ø‡§è,
No live chenal,
Good for viewing in short interval,
Osm,
Loving it üëçüèº,
It gets crashed when phone call comes...also many a times episodes doesn't load...we have to close the app 3-4 times then it works properly else only trailer plays irrespective of the episodes selected,
Super,
Hahut hi achha hai app,
Better than jio,
Nice,
üëç,
Please non Airtel user add and you see your growth increase please my advice and non Airtel user provide user id your customer and apko apni soach thoda jio se alag karni hogi ü§î,
While watching videos in between calls come after disconcerting the call screen Paused unable to reconnect video vary bad app,
This is best app in ott platform with lot of content absolutely free on Airtel recharge.,
Super amazing fantastic hd quality and my favourite telegu channel are here,
Excellent,
Nice,
Excellent.....Hoichoi Bangla ‚ù§Ô∏è,
Nice,
"The channels Integration sucks. WWE shows from SonyLiv channel doesn't have any identification. How are we supposed to find which show aired on which date and even if we are able to find the latest episode we have to wait till the next day it was aired only then it's playable, on the day it's aired if we try to open it says technical issue.",
I don't know hou it is.,
‡§®‡•á‡§ü‡§´‡•ç‡§≤‡§ø‡§ï‡•ç‡§∏ ‡§ú‡§ø‡§§‡§®‡§æ ‡§Ö‡§ö‡•ç‡§õ‡§æ ‡§®‡§π‡•Ä‡§Ç ‡§π‡•à ‡§ï‡•ç‡§Ø‡•ã‡§Ç‡§ï‡§ø ‡§á‡§Ç‡§ó‡•ç‡§≤‡§ø‡§∂ ‡§Æ‡•Ç‡§µ‡•Ä ‡§π‡§ø‡§Ç‡§¶‡•Ä ‡§Æ‡•á‡§Ç ‡§°‡§¨ ‡§ï‡§∞‡§ï‡•á ‡§¶‡§ø‡§ñ‡§æ‡§§‡•á ‡§π‡•à‡§Ç,
Excellent üòä,
Video quality is poor. Download options should be available for each and every videos. Only a very few videos can be downloaded in your apps.,
Good,
Supar,
Nice,
Easy to operate,
ü§¨ü§¨,
Good,
You get latest movies here which you can't find on other OTT platform,
Good,
üëç,
Great App,
Super,
Nice,
Worst experience dont buy airte connection,
Nice web shows Super,
This app doesn't work in xstream box. I could not watch Maharani and Jahanabad on TV as it doesn't show in hindi language despite title is showing hindi language.,
Very bad,
Netflix need,
very very bad app.,
It hangs a lot while using,
Best for cricket match,
Nice,
Good,
Super h,
Good,
Good,
Good,
Op yr,
Good,
Excellent,
Nice movie nice episode very excellent app,
Nice,
Great üëç,
Good app,
"Worst app I ever seen. No download option, No continues HD watching.",
Cool,
Nice app,
Very good,
Good app,
Nice,
Best app,
Nice,
Nice,
Good,
Excellent,
Average.,
Good platform ott,
ExcellentüíØüëçüëè,
Excellent,
"Very worst services airtel fiber internet & their customers care, engineer. Very chip committed to people's.",
Does not open this app,
Great,
Good,
Nyc app's jp dixit,
Bad Userface,
Good aap,
Bad app worst experience ever..too much adds ...doesn't work properly while live streaming..,
Super,
When this app be available on Samsung TV,
Loading issue during the half at every watch,
Mast hai bhai üëåüëå,
The most worse app in the world üòè,
"Good feel. UI could be a bit friendlier. It would be great if there was an option to ""log out of all devices"" option",
Good,
Nice app,
Good,
Picture Quality doesn't apply. Lags also.,
Very bad,
It is very nice üíúüíú,
Useful APP. Great content,
Excellent,
Good,
I like this app,
Very bad experience.first time I can see all channnels but now I can only few channels..,
"Number of bad apps within 10 minutes, 1 minute ad again and again.",
"This app today I installed and its not opening,its KEEP STOPINGGGG",
Why can't we have speed option like 1x 1.5x 2x 2.25x 2.5x 3x for Shark tank or any show. We all need that.,
No option of subtitles in sony and others,
Shark tank episode are not getting updated on the app after 25,
Yet not the episodes after 25 are not updated on the app. Why I am not getting new episodes of Shark Tank on Sony LIV channel in your app? Kindly check and resolve,
Third class service. Last night I bought the Disney+ pack of 199 still not activated even after money deducted. Wrote on Twitter and on mail . Still not working. Hopeless Pathetic company Airtel I will personally slap the man who owns it one thousand time.,
"Video quality always low .... whether you set it medium,high or auto...plz fix this",
I am very happy with Airtel Thanks app. Thanks to the team....,
Very good app for movies and tv shows,
Nice,
Dekho bhai sab channel free karo please ü•∫,
Very super,
"This is the best movie app I ever seen ,ü§©I am soo happy to this",
Super,
Hi iam in abroad not work this application what can I do,
I always travel abroad for my job. Even when i am in abroad i recharge my airtel number to keep it alive and am being a customer for a long time. But this app doesn't work on abroad.,
Super se upor,
Excellent,
Awesome,
Neither I can download nor I can cast even though it is in plan. And worst thing. It doesn't work on 4g network (12mbps) while other OTT works,
Why will it not take my quality preference???,
Jio TV is best app for all live channel free,
Good,
Jio provide free tv but you just want a recharge. When we recharge in Airtel we are unable to access tv channels via xstream. While as in jio itz free even after and before recharge. If u run out of data and recharge jio tv run smoothly. Kindly update ur system otherwise we have to switch to jio.,
Good hmm,
Need more Hollywood movies. App is good.,
Good app,
Good,
Very nice,
"Takes more than 2 days to upload tv shows from the air time Very disgusting app. Update - WWE shows get uploaded the next day whereas 3 - 4 months earlier, it used to get uploaded within 3 hours of air time which is causing unimaginable embarrassment and anger to me. With these things, a 1 star is also too much as I dont have an option of 0 star",
Why we have to contact airtel digital tv if airtel xtream OTT activation is pending..,
Awesome,
Good,
Bad app,
"Disappointed even after so many months, I don't see they improved other than bug fixes, live-tv option is not there in website, Now the cost of the plan in Rs-719. The feedback mail is not considered they will send a AI bot to tackle us. My point is provide quality of service to the customers or reduce the price",
Very poor streaming quality compared to original oTT platforms,
How can i log out from all devices???,
Net neutrality matters,
üëç,
very nice,
BEST APP,
Ok,
Awesome üëç,
Very good experience...,
üëçüòä,
Superb,
Very Good,
Good,
Fantastic. User Friendly. Great Entertainment! Keep It Up Team Airtel!,
DHAN GIRI,
Very good entertainment,
Good variety of movies and series to binge.,
It is a useless app I disapointed by this app,
Good üëç,
Open,
App improvements needed.,
"If network is not good how can someone use this app to watch movies and shows . Very poor network, i have 90 GB 3g 4g data but unable to use it as data speed is not good.Airlet talks much about 4G but the truth is that they are even unable to maintain 3G network.since last 1 year many complains has been raised regarding network and data speed issue but no action taken.going for MNP very soon",
This one full entrainment good airtel namaste üôè üëå,
Use before,
Ye app chl kyo nhi rha or isme shows download bhi nhi ho rhe please isko thik kre,
Need more film,
Fantastic,
App often shows issues with opening. Problem not solved after cleaning caches or reinstalling.,
Tdh,
Super,
Worst app,
Happy,
Awesome viewing experience,
Nice app Vary happy me,
Quality low with in high speed üòÇ internet,
Excellent,
Very bad,
Very good üëç,
Nyc app,
Good,
"POOR OFFERINGS ZEE5, VOOT, HUNGAMAPLAY, NOT AVAILABLE AT ALL.",
Great app,
Goooooood,
Ssuoer,
Good,
Maghia bala app te 5minet video dekhi thiba ki ni add asuchi 20thara,
Best,
Good quality streaming,
Good,
Nice,
Its really xstream',
Good experience,
Worst...as you recharge they promise a lot with freebie Chanels but its just a fake as u will not get anything...just making fools....,
I was taking 1 mnth premium but in this app download is not enabled for me ... I am very upset üò≠üò≠üò≠,
Jgg,
Super,
Pathetic app,
Very good App,
Nice,
Good,
"I took airtel broadband connection 5 days back from day 1, i am facing internet issues. I called customer support and raised the issue but no one contacted me till now. I called customer care several times but no use whenever i called they are telling will resolve in 24 hrs. I raised issue 48 hrs back. Pathetic service.",
Good,
Really awesome app,
Watse there is no live TV channels,
Nice,
Best,
Glitchy app,
Thanks to airtel,
Wrost app,
Nice,
I am living at kanpur city but still net speed is 20 to 50 kbps....Is this is called airtel 4g???,
Very good üëç,
Nice on plz move to more new movies,
Mili recharge chesi chudala all ready net balance bokka mali recharge evaduraa petindi,
Good service,
best app,
Osm,
Great product,
Nice,
Amazing experience so far.,
The experience was good.,
Awesome,
Wonderful app..I just love it,
Nice,
"Thanks ‚ù§‚ù§, itni badiya",
So nic all shown on mobile phone & T v,
Op,
Good,
"Worst experience,watching the first episode of faadu love story ,screen goes blurr in every minute",
Exceptional app,
Very nice,
Good,
Very good app üëç.Recently internet speed become 12mbps. Please look into the matter.,
Excellent,
Ok,
Airtel xtream android tv not showing zee channel And so much buggy laggy this application in my android mi tv.,
"Amazing gift, thanks",
It's very good experience,
Good,
"Charging to it's own customer, ridiculous",
Worsted app,
Good,
Fake app why should I pay extra pay watching Live Tata sky app is very good and best free channels all,
Good,
Good,
Good,
"Good, try to made it more easy",
Great,
nice,
By,
Nice xperience,
Subscribe channel ‡¶ó‡ßÅ‡¶≤‡ßã‡¶∞ picture quality ‡¶ú‡¶ò‡¶®‡ßç‡¶Ø‡•§,
Good,
Nice,
Good appüòä,
Ok,
Good app of movie üçøü§©ü§©ü§©,
Good,
Airtel xstream app playback screen problem not solve watching episode & movie back button remove not showing app navigation bar after Update version 1.63.1 please fix this Issue Thank you team Airtel,
Very nice,
I have a look at the moment. I have,
Nyc ott,
Useful,
Super quality pictures and super fast network I love Airtel,
I love this app very Airtel did very good job. but I have a problem I choosen Sony LIV app . I was watching shark tank i want to download the episode but there is no download option plz fix it . Download option not showing. Otherwise this app is 5 star üåü,
Nice,
‡§ú‡§ø‡§Ç‡§¶‡§ó‡•Ä ‡§ú‡•Ä‡§®‡•á ‡§ï‡§æ ‡§è‡§ï ‡§¨‡•á‡§π‡§§‡§∞ ‡§Ö‡§Ç‡§¶‡§æ‡§ú,
After seeing the reviews i am not downloading..,
Call connectivity extremely poor,
Awesooooomeeeeeeee!!!!!!!!,
Best üëå,
Best OTT app üëç,
Amazing,
Very 3rd class service,
Super,
Good,
Best'hai,
Nice ..,
Download option is not showing,
The app is not opening,
Rest is ok. But please include the download option. There is no option to download content. Although there is a download section But not a download option is available,
Super,
i love this app,
Good,
Needs some improvement,
Nice apps,
Worst app don't download it. Even if you get free too. Time waste.... It doesn't change video quality while we put in high quality also and playing video is full of lags.. even after update the app too..,
Error in playing sonyliv video maharani please rectify your apps,
Very nice app üëç,
I love you,
Awesome üëå,
Nice,
Excellent,
Now Good,
Entertaining and informational,
Good,
Being an airtel user why do we need to upgrade to airtel xstream premium?? Already recharged 299 per month mobile data planüò°üò°üò°üò°... Other operators give free contents to their usersü§¨,
Excellent app.,
Superb,
Very nice and beautiful app,
Superb app,
Wow exilante,
Bad experience,
Poor services,
‡§¨‡•Å‡§∞‡§æ ‡§π‡§æ‡§≤,
"While watching contents if you picked up a call then you can not use the entire screen, this app video will stock in your screen. And you have to reboot your phone. This happened with me like 3-4 times. Video quality is like 480p after selecting high video resolution. So dear team please try to fix it soon.",
Very good,
Its a waste app. They provide this to you as a premium thing in Airtel Black but you hardly get any latest good movies on it. All are either on Prime video or Netflix. Hence no point of this app.,
Good,
Nice,
Super xstream and all old movie's available tq,
Good,
Good,
Very nice,
Very good osm,
Auto adjustment of clarity is not working properly while watching videos.,
Videos are not playing smoothly. Very bad experience to watch Video in this app also few seconds of lag occuring while watching web series and movies.,
Wao‚ù§,
Exilent,
Super,
Good app,
Excellent,
Verynice and good experience,
Ok,
Super,
Nice,
Faltu application,
Good one application,
Too good,
Thank for showing me TMkoc every episode,
Good,
Osm app,
Kklgf Hhh Tyukktryjkkg Hhhhh it's bad,
Exlent,
Everything is fine for viewers,
Don't subscribe there quality is like 3gp,
Good,
Good,
Why show ad in premium subscription. I hate Airtel sim card & other applications very bad customer service very bad üòû .,
Quite useful,
It's nice to have all those OTT channels in one place,
Good,
Thank you,
Super,
nice and good app,
No clear offers,
Faltu app hai... Koi main stram channels nhi aate ....bikhari hai saale ....itni badi telecom company hai ....par saalo ki mass ache channels kharid ne ka paisa nhi hai ....Bhen ke lode saale !,
Wonderful baby,
Good app.,
Bestüëç,
Op,
Not the best movies but still a good database and wide varities of channels to choose from.... 3rd star for adding Chaupal channel.... Some awesome Punjabi movies,
Good,
Love itt,
Very nice to Odia series..,
üëçüëçüëç,
One of the best apps in 2023,
Good job üëå,
Good app,
Excellent üëå‚ò∫Ô∏è,
So nice,
Very nice üëç,
ü§êüò≠üò∞üò®,
"what's the point of giving video quality button if it's don't work even after selecting high quality it won't change the quality it automatically work on low, High quality option don't work",
Some films are available only in hindi .. even not in its original language. If that is rectified then its amazing,
Lots of Ads every time,
Why on earth you people changed the live tv interface???? Now can't see the list nor the desired hd channels,
why new ep of sharktank not showing there? Edit: now solved..,
Nice,
Great app,
something went wrong.getting from last two days.get hire good IT Team to resolve.,
Very nice app,
Beid,
Need fast updates of films,
"When I got call from anyone,screen gone black,ui not showing,very sad devops team.",
Great app for all entertainment,
Excellent,
Nice,
üòçüòç,
Good,
Best aap,
Not interested,
Fast aps,
Excellent,
Awesome,
A person can't watch in lower data impossible in this application. Why the hell you guys force someone to watch on 480s . 2gb data barely sustains for 3 hours.,
Super,
Worst of the worst. Jio is a lot better.,
Good app,
It's too imagine app.,
"Hate the app, just got frustrated, It's been 3 days since I'm unable to play the any video it is buffering only no error, I write the email also, and FYI my internet is good. I'm using tha plan which comes with Airtel recharge.",
Bad service,
Good,
Very nice,
Good,
Names,
Good,
Lovely platform airtel xstream,
Great,
Good,
App is fully entertainment,
Not even willing to give 1 star. Blank screen comes more than movie. And no one will be half wise. I watch movie from wifi,
Good,
Good,
Nice,
This is worst i subscribed for a single channel but after two days that channel is not only there they have removed it,
Excellent very good app,
excellent,
Good,
Best experience with xstream app.,
Good very goodüëç,
Fentastic üëç,
Nice app,
Awesome,
Nice,
Nice,
Previous tv serials not showing,
Good,
Poor interface,
Op,
This is a very good app ia mvery impress,
Good app,
This app is very useful to me And when we bore we use this app entertainment our family,
Battery draining alot,
Amazing,
Its great,
Nice app,
Nice but all live chennel not shown free only Airtel user must have all xream chennel free,
Having fun‚ù£Ô∏èüòéü§ò,
Nice,
Goid,
Good,
"1.English subtitles or Hindi audio is unavailable in some Tamil , Telegu or Malayalam movies showing in Sony LIV channel under airtel Xtreme.",
Best,
I'm So Happy,
Excellent,
"Worst customer experience. I have been trying to get my connection shifted to my new place, they are not taking any action since one week. Whenever I am calling to customer service they are cancelling previous request and raising a new one. Highly recommend not to use Airtel fiber. Instead go for local fiber network. I would have given negative star, if there was an option for that.",
Mast app hai,
Nice app,
Good,
Ok,
üëåüëå,
Best,
No experience,
Very good,
Good app,
Bangladesh,
Excellent app by airtel,
"Learn something from Jio Tv , it's better in every way for viewing content or using the app as whole",
Super app,
Best app,
Good,
Good,
Super,
Experience is wonderful watching channel in good video quality,
Awesome,
nice,
Gud,
Good app üëå,
Nice....,
Very good app,
Excellent,
Awesome experience on Sonylive as far as entertainment is concerned. You are simply unmatched....,
Nice,
I am full enjoy the movie's,
Very good connectivity. Nice speed for download.,
Nice,
Amazing,
Many Channels are not Available.,
Very nice,
Good,
Awesome,
Great,
The worst service and not fulfilled commitment,
Loving it,
Good,
Ok,
.pjlllk op oüêîüå¥üå™Ô∏èüèµÔ∏èüçÉüçÉüçÉüèµÔ∏èüçÉüçÉü™®,
Good,
Lots of fun and entertainment,
Okkkkkkkkkk,
Awesome,
Best aap providing best experience with Sony LIV,
Jahanabad from sony liv Keep Rolling but not working,
Very nice,
Very bad app because for any vide it's take charge high costly YouTube better than this app,
Super,
üëå,
üëçüí´,
Worst. I was expecting better from Airtel the video quality remains same at low even if you have selected high quality.,
Worst app,
Good,
I cannot claim my rewards for taking up Fibernet 200 Mbps for which some 15 OTT access was promised. Nor is there any procedure for how to activate it.,
Good,
Tha aap is right but some new movies are not avilebal,
Good,
Colors channel not available. And in India colors is compulsory..,
Worst,
Good experience with Airtel x stream,
Good,
Ok,
Big,
Great üëç,
Good,
Okkey but a LOT of improvement needed..... 1. Highest video quality should be 4k. It is not even seem to be 1080p. 2. Main problem is there is no download option in Mobile App version. 3. Regional channels do √±ot have subtitles.,
Good,
Good apss,
"This is very poor connection, Wi-Fi not working lust one month, after giving complain continuashly, but not solve.",
Great apps,
Nice,
"It is the most useless app, not even a single channel runs properly and premium has to be taken, even after that they are asking to download bsdk sony live, what is the use of such an app which is not useful, delete it all.",
Good,
Nice,
Pathetic experience,
Shankitha email@com,
1.Recording is chargeable monthly. 2.They close all ott services if subscription expires............ Other things are Okay,
Excellent,
Love it,
üëåüëåüëåüëå,
Awesome app,
Best,
Good,
Worst app,
To good,
‚ù§Ô∏è‚ù§Ô∏è,
Very Good,
Exhilarating...,
Best ott app ever,
Streaming quality is not good While Singh movie I am finding green screen,
"Episode not loaded in real time , have premium subscription but unable to watch sharktank 2 . Please check airtel team",
Good app,
Very nice,
Marvelous,
Good,
Good experience üôå,
Worstttt app just making idiot to user not expected Airtel worsttt only show's add in live,
Supar.aap,
Nice app,
Doesn't have a option to manage logged in devices,
üëåüëåüëåüëåüëåüëå,
Kapil sharma show latest episodes not available. This is considered as misguiding cheating. Don't auto charge me next year.,
Greatüëçüíêüíê,
Good,
New episodes Of Kapil Sharma show and Maharashtra chi hasya jatra is not getting to watch same day.please fix this,
I cannot watch movies in HD and it's not working suddenly,
Nice,
Great app,
Not bad,
‡§è‡§Ø‡§∞‡§ü‡•á‡§≤ 4G ‡§∏‡§∞‡•ç‡§µ‡§ø‡§∏ ‡§¨‡§π‡•Å‡§§ ‡§ò‡§ü‡§ø‡§Ø‡§æ ‡§π‡•à‡•§,
Uselesss not sound okk and picture quality not okkk,
Good,
Very nice application...I like it....easy to use...,
Nice entertainment app,
Good experience,
Good,
Good app,
nice,
None of the video is Playing properly. It interrupted alot. Quality of video not good.,
Wonder ful,
Superb experience,
Very nice app,
Nice to app,
Awesome üëå,
Bug plz sl,
Good,
"Facing issue with logging in. ""Authentication failed, Please try again!!"" Is the message I get everytime.",
üòãüòãüòãüòãüòãüòãüòãüòãüòãüòãüòãüòãüòãüòãüòãüòãüòãüòãüòãüòãüòãüòãüòãüòãüòãüòãüòãüòã,
The app is not getting opened in my phone.,
Good,
Best app enjoyed it,
"Good app. 2 stars less because plan does not contain appropriate chanels. It does not give mostly needed chanels like hotstar, Amazon prime, Netflix...etc. fir gold plan.",
Not working tv,
Pathetic trashcan. Alway ask purchase subscription of different ott. If I have to purchase the subscription then what is the use of this app.,
"I want one year subscription of Amazon prime, Sony LIV , Disney plus hotstar in one plan . Please think about it.",
Great app to watch live tv okk üëç,
Thank you,
üëå,
üòò,
Excellent,
Very good application for the costumers,
Good,
Bead,
Super üíï,
All shows from Sony LIV are not in the app,
Good,
Useless as other airtel stuff. Update2: you will never find the latest Sony LIV content on the xstream app. Everything shows up the next day.,
Good,
Best for the airtel xstream app,
Best,
Valo law,
good,
Good,
"Sir, please add travel xp hd in dth plateform I'm waitting for long time hope you add this channel very soon thank you...",
"Previously, not long ago all the popular channels were free, but alas now NOT.",
Two year's,
Good service from Airtel Xtreme,
I feel Sometimes video quality is not good .,
Superb app not in between nice thank to u Airtel love u,
üëç,
Very good app,
Good,
üëç good,
We dont have option download movies. After paying 149/- monthly subscrition charges. Dont have option to download movies in lionsgate.,
The application load issues doesnt load even on wifi 5g. Poor experience,
High speed internet I have also app will take more time to open,
Jin ke setup box mai jo channel activate hai vahi channel isi app me vahi channel chalne chahiye,
Super,
The back button annoys me,
"It's very nice,entertaining app",
Good,
"Last time this app is not working, so many times I tried to open it. But now its okey.",
Good,
Download option missing,
Good,
Awesome experience,
Super,
Nice aap,
Best,
Gud,
excellent.....one of the plateform u enjoy too much....,
Good,
recharge says premium subscription after recharge still shows no active plans even after claiming it ...worst,
"Overall nice experience, keep going up..!!",
Good,
Please improve loading video,
Good,
Whenever I try to reduce video quality it always play with same high quality and consume a lot of internet data.,
How can i download movie?,
Video player should be more good and have some more good features like other OTT have,
I like this app,
unable to watch after having recharge on Airtel,
Good app,
Good,
Even after giving money not receiving the latest episode of all shows of the particular subscription,
Bekar,
Good app for entertainment,
Live tv with cast to tv not working,
Good,
Super,
Good,
Good,
Give more free Dish channels,
All movie prime Aisi app ka ham kya karenge,
Very good,
There are no avtar way of water,
Jay mahakal,
Please open your channel,
Nice,
Worst customer service Cheated a lot of money,
Live tv option in smart tv not available,
Excellent,
Good apps,
"Heyyyyyyyyyy airtel xstream I wanted to tell you that. There are not all tv shows like colours, star plus , Sony Live and Hungama, Disney channel, pogo cartoon network and so on. Which I want to see earlier there was some shows which I like but now there is no show which I like . My request is to add these channel which I suggested in above and I am not happy to give you any star but then also I am giving you two star because earlier you made me happy now also made me happy by adding tv shows.",
It's a good app.,
"Why shark tank India episodes after episode 20 are not updating,Is there any issue with the server?Please fix it. Thanks for fixing the above. I am an Airtel xtreme fiber user ,since apps premium comes under my package but why you are still asking to subscribe @149/month. Please fix up these bugs as they are impacting users like me hightime.",
Nice app,
Nice,
"Fake subscription offers providing with reacharge and there is nothing in subscription while opening app showing please get subscription ,,why are you guys makeing your costumer fool and confusing then by giving such a fake reacharge offers ,, there is nothing free no any channel free with reacharge, so many customers will stop using Airtel services bcz of this fake offers",
Nice...,
Very good üôÇ,
Good,
SONY LIVE LATEST EPISODE NOT SHOW IN XTREAM APP VERY DISSAPOINTED LIKE ALIBABA DAASTAN E KABUL TODAY RELEASED ALREADY IN SONY LIV SEPRATE APP BUT IN XTREAM APP NOT SHOW LATEST EPISODE very dissapointed bad app,
"This application is truly awesome for watching series, shows & Movies",
Good,
This is worst app App open timing is very high,
Fraud app. All purchases. I bought 1 month 499 plan just to get sony liv access in airtel xtream. But when I try to access it says buy premium at 150. Total fraud by airtel. I have also mailed the issue to airtel support but no response. Please don't buy any plan that says you will get Airtel Xtreme,
Nice,
Ukhy,
Good,
It runs in the background,
The picture is of poor quality,
While trying to play a movie error showing multiple times,
Best app in the world üåé love you Airtel,
Best app but please give me replyüòΩüíûüòòü•∞,
Excellent,
Lot's of ads I'm porting sim to jio now,
Very good app for entertainment.,
nice üòçüòç,
So good,
Excellent,
Best üëç video quality,
Best,
üëç,
"No option/ won't install, show's your (redmi) device is incompatible. Seriously! It's new lows, as it is the app is monetising content so primitive it should be technically free by now but instead such scheming practices.",
Thanks for customer support Airtel Xtreme.,
Awesome üëçüèª,
Iam really happy.. I was facing an issue in this application since monday and i mailed through help and feedback section.. They asked for screenshots and cleared that issue nicely.. Thankyou so much,
"Doesn't operate well, no response to click ...",
Some.time it's stop working automatically,
Awesome user friendly App,
Nice to entertainment,
Excellent ‚ù§Ô∏è,
After 30th January....Sony LIV content is not updated in this app... Edited on 2nd Feb....Issue Resolved on 2 Feb ... Thanks,
Nice üëç,
Best app,
Nice airtel xstream app,
Excellebt,
‡≤∏‡≥Ç‡≤™‡≤∞‡≥ç ‡≤π‡≥ç‡≤Ø‡≤æ‡≤™‡≥ç,
Very good application for live TV of AirTel,
Hope it works some day. When you can't update the content why you offer the service. Hopeless service,
Good,
One of the best quality ‚ú®,
Does not update episods!,
Nice,
Not getting latest 2 shark tank episodes but we get all episodes free on Sony live except the latest episode.,
"Sometimes, it shows errors while streaming movies",
Sony liv episode not updated and no customer care help very bad experience,
Shark tank season 2 episodes are not updated on Sony Liv in Airtel Xstream but on Sony Liv standalone they are already updated......,
There are so many issues while watching shows on it . First new episode are uploaded but I am not able to watch them Second quality of content..,
Sonyliv episodes are not updating since 3 days,
Shows not update,
Very bad,
First give the list of free streaming apps and what apps we can install. Whats d ram capacity u r providing in that box and for break through streeming.,
Why shark tank india season 2 is not publishing latest videos... Very much disappointment,
Shark tank india episodes not refreshing up on the app. Have sent a mail through help and feedback section.,
It was good in start but now.. it is not updating new episodes... Of OTT,
Doesn't update new episodes.,
üôèüåπüôè,
Why is shark Tank season episodes not in sync with Sony? Episodes are getting delayed.,
Good app,
Boht vdia application,
New episodes are not updated on the app.,
Superb,
Good,
Awesome üëç,
Nice,
Tv shows not updated ...specially in Sony Liv,
Unable to see the Shark tank new episode please fix it.,
Episodes are not updated.. I have subscription for sonyliv till March 15 but not finding recent episides,
Great web series collections...,
This week Shark Tank S2 episodes is not live yet. Right from Episode 21 and above. Same thing happens for other Sony Shows. This leads to over all bad experience,
Shark tank indias latest episodes are not showing on this app,
I have subscribed but some movies/shows are not available in the package but separate subscription shows that movie like agnithee 2 on shemaroo.me,
Good App.,
Plan purchase page not working. And today my plan is over. Airtel is going poor day by day. Be it Broadband or app.,
Super,
I got the subscription of Sony LIV from recharge and activated it in Airtel xtream app but now no new episode is showing up in it....also my pack is still running please resolve my problem.,
üíóüíóüíóüíóüíó,
This app was great but not showing the latest episodes of sony sab shows,
No updates on shows it simply worst,
Star plus ku nahi hai airtel par,
Sales exexutive munipulated by givim hoststar offer,
"Using this app is like using an illegal website or App which doesn't show contents properly. Following are the problems I faced while using this app. 1. Low quality of the contents even on 5G where speed is atleast 10mbps. 2. No timely updation of daily TV SHOWS e.g., SHARK TANK INDIA 2 episodes are not updated after episode No 20. 3. No download option in all the contents. 4. Many more if use it further.",
Amszing app,
Very nice app üëç,
Worth the money.,
Very nice and helpful to have my phone with,
Episodes of Shark tank India will come only after 24 hours after releasing in sonyliv. After 24 hours anyone can watch on sonyliv for free.. what is the point of paying xstream?,
Best,
Not worth it,
Excellent,
Good üòä,
best,
Why there is no t showing new episodes after 20 on Shark tank india and master chef india üò§,
It's too discounting,
Nice,
Video quality settings can be optimized and please upload new episodes of Shark Tank India season 2,
Good,
Very good.,
Good,
Video buffers too much even with exellent internet connectivity... Plus No New episode gets added after telecasted on tv...,
Good,
"Good app features, but lack features while playing video like volume up or down without using volume button.",
Good,
Good,
Not working properly half of the episodes are not there only,
Very nice,
"Worst app. latest episodes are not uploaded timely in xstream app. Many times contacted through email. They don't have any solution. I paid for one year, Suggestion to others buy only original ott subscription instead airtel Xstream app.",
Why the shows aren't updating on the app?? Saturday's shows are last updated,
I have the Airtel Xtreme fiber (999/month pack) but they are still asking to buy it.,
Good,
Best app,
Many shows episode is not available like Shark tank india,
"Some of the episodes is not available, on the other hand its a good aap",
Best experience and also dada consume also best thanku so much Airtel xstream app,
sonyliv episodes again stops coming. Since 2 days it's not being available in Xtreme app. Really not worth to have premium subscription.,
New episodes of shows especially from Sony liv are not available almost after 72hrs of telecasting.,
Good content,
Awesome,
Why new episodes of shark tank are not added after the 20th episode?,
Application is god
waste of money
need more channels
